<metadata xml:lang="en"><Esri><CreaDate>20201226</CreaDate><CreaTime>18595100</CreaTime><ArcGISFormat>1.0</ArcGISFormat><SyncOnce>FALSE</SyncOnce><DataProperties><lineage><Process ToolSource="c:\program files\arcgis\pro\Resources\ArcToolbox\toolboxes\Data Management Tools.tbx\CreateFeatureclass" Date="20201226" Time="112914">CreateFeatureclass C:\OpenCalgary_project\Open_Calgary.gdb GenerateTessellation Polygon # No No "PROJCS['Calgary_3TM_WGS_1984_W114',GEOGCS['GCS_WGS_1984',DATUM['D_WGS_1984',SPHEROID['World_Geodetic_System_of_1984_GEM_10C',6378137.0,298.257223563]],PRIMEM['Greenwich',0.0],UNIT['Degree',0.0174532925199433]],PROJECTION['Transverse_Mercator'],PARAMETER['false_easting',0.0],PARAMETER['false_northing',0.0],PARAMETER['central_meridian',-114.0],PARAMETER['scale_factor',0.9999],PARAMETER['latitude_of_origin',0.0],UNIT['Meter',1.0]];-5622600 -10001100 10000;-100000 10000;-100000 10000;0.001;0.001;0.001;IsHighPrecision" # 0 0 0 #</Process><Process ToolSource="c:\program files\arcgis\pro\Resources\ArcToolbox\toolboxes\Data Management Tools.tbx\AddField" Date="20201226" Time="112914">AddField C:\OpenCalgary_project\Open_Calgary.gdb\GenerateTessellation GRID_ID Text # # 12 # NULLABLE NON_REQUIRED #</Process><Process ToolSource="c:\program files\arcgis\pro\Resources\ArcToolbox\toolboxes\Data Management Tools.tbx\GenerateTessellation" Date="20201226" Time="112915">GenerateTessellation C:\OpenCalgary_project\Open_Calgary.gdb\GenerateTessellation "-22099.2863999996 5634037.7804 9863.39690000005 5675150.5817" Hexagon "1 SquareKilometers" "PROJCS['Calgary_3TM_WGS_1984_W114',GEOGCS['GCS_WGS_1984',DATUM['D_WGS_1984',SPHEROID['World_Geodetic_System_of_1984_GEM_10C',6378137.0,298.257223563]],PRIMEM['Greenwich',0.0],UNIT['Degree',0.0174532925199433]],PROJECTION['Transverse_Mercator'],PARAMETER['false_easting',0.0],PARAMETER['false_northing',0.0],PARAMETER['central_meridian',-114.0],PARAMETER['scale_factor',0.9999],PARAMETER['latitude_of_origin',0.0],UNIT['Meter',1.0]];-5622600 -10001100 10000;-100000 10000;-100000 10000;0.001;0.001;0.001;IsHighPrecision"</Process><Process ToolSource="c:\program files\arcgis\pro\Resources\ArcToolbox\toolboxes\Data Management Tools.tbx\Project" Date="20201226" Time="185951">Project GenerateTessellation C:\OpenCalgary_project\Open_Calgary.gdb\GenerateTessellation_Project PROJCS['NAD_1983_3TM_114',GEOGCS['GCS_North_American_1983',DATUM['D_North_American_1983',SPHEROID['GRS_1980',6378137.0,298.257222101]],PRIMEM['Greenwich',0.0],UNIT['Degree',0.0174532925199433]],PROJECTION['Transverse_Mercator'],PARAMETER['False_Easting',0.0],PARAMETER['False_Northing',0.0],PARAMETER['Central_Meridian',-114.0],PARAMETER['Scale_Factor',0.9999],PARAMETER['Latitude_Of_Origin',0.0],UNIT['Meter',1.0]] # PROJCS['Calgary_3TM_WGS_1984_W114',GEOGCS['GCS_WGS_1984',DATUM['D_WGS_1984',SPHEROID['World_Geodetic_System_of_1984_GEM_10C',6378137.0,298.257223563]],PRIMEM['Greenwich',0.0],UNIT['Degree',0.0174532925199433]],PROJECTION['Transverse_Mercator'],PARAMETER['false_easting',0.0],PARAMETER['false_northing',0.0],PARAMETER['central_meridian',-114.0],PARAMETER['scale_factor',0.9999],PARAMETER['latitude_of_origin',0.0],UNIT['Meter',1.0]] NO_PRESERVE_SHAPE # NO_VERTICAL</Process><Process ToolSource="c:\program files\arcgis\pro\Resources\ArcToolbox\toolboxes\Conversion Tools.tbx\FeatureClassToFeatureClass" Date="20210102" Time="074751">FeatureClassToFeatureClass GenerateTessellation_Project C:\OpenCalgary_project\Pilot\Pilot_test.gdb Tessellation # "GRID_ID "GRID_ID" true true false 12 Text 0 0,First,#,GenerateTessellation_Project,GRID_ID,0,12;Shape_Length "Shape_Length" false true true 8 Double 0 0,First,#,GenerateTessellation_Project,Shape_Length,-1,-1;Shape_Area "Shape_Area" false true true 8 Double 0 0,First,#,GenerateTessellation_Project,Shape_Area,-1,-1" #</Process><Process ToolSource="c:\program files\arcgis\pro\Resources\ArcToolbox\toolboxes\Conversion Tools.tbx\FeatureClassToFeatureClass" Date="20210102" Time="075301">FeatureClassToFeatureClass Tessellation C:\OpenCalgary_project\Base_files Tessellation_1km.shp # "GRID_ID "GRID_ID" true true false 12 Text 0 0,First,#,Tessellation,GRID_ID,0,12;Shape_Length "Shape_Length" false true true 8 Double 0 0,First,#,Tessellation,Shape_Length,-1,-1;Shape_Area "Shape_Area" false true true 8 Double 0 0,First,#,Tessellation,Shape_Area,-1,-1" #</Process><Process ToolSource="c:\program files\arcgis\pro\Resources\ArcToolbox\toolboxes\Analysis Tools.tbx\SpatialJoin" Date="20210103" Time="203928">SpatialJoin C:\OpenCalgary_project\Base_files\Tessellation_1km.shp C:\OpenCalgary_project\OpenCalgary_points\Historic_Resource_shapefiles.shp C:\OpenCalgary_project\Tessellation_points\TS_Historic_Resource_shapefiles.shp "Join one to one" KEEP_ALL "GRID_ID "GRID_ID" true true false 12 Text 0 0,First,#,C:\OpenCalgary_project\Base_files\Tessellation_1km.shp,GRID_ID,0,12;Shape_Leng "Shape_Leng" true true false 19 Double 0 0,First,#,C:\OpenCalgary_project\Base_files\Tessellation_1km.shp,Shape_Leng,-1,-1;Shape_Area "Shape_Area" true true false 19 Double 0 0,First,#,C:\OpenCalgary_project\Base_files\Tessellation_1km.shp,Shape_Area,-1,-1;activity_c "activity_c" true true false 254 Text 0 0,First,#,C:\OpenCalgary_project\OpenCalgary_points\Historic_Resource_shapefiles.shp,activity_c,0,254;date_appro "date_appro" true true false 8 Date 0 0,First,#,C:\OpenCalgary_project\OpenCalgary_points\Historic_Resource_shapefiles.shp,date_appro,-1,-1;time_appro "time_appro" true true false 254 Text 0 0,First,#,C:\OpenCalgary_project\OpenCalgary_points\Historic_Resource_shapefiles.shp,time_appro,0,254;architect "architect" true true false 254 Text 0 0,First,#,C:\OpenCalgary_project\OpenCalgary_points\Historic_Resource_shapefiles.shp,architect,0,254;architectu "architectu" true true false 254 Text 0 0,First,#,C:\OpenCalgary_project\OpenCalgary_points\Historic_Resource_shapefiles.shp,architectu,0,254;bldg_alpha "bldg_alpha" true true false 254 Text 0 0,First,#,C:\OpenCalgary_project\OpenCalgary_points\Historic_Resource_shapefiles.shp,bldg_alpha,0,254;bldg_num "bldg_num" true true false 19 Double 17 18,First,#,C:\OpenCalgary_project\OpenCalgary_points\Historic_Resource_shapefiles.shp,bldg_num,-1,-1;builder "builder" true true false 254 Text 0 0,First,#,C:\OpenCalgary_project\OpenCalgary_points\Historic_Resource_shapefiles.shp,builder,0,254;comment "comment" true true false 254 Text 0 0,First,#,C:\OpenCalgary_project\OpenCalgary_points\Historic_Resource_shapefiles.shp,comment,0,254;community "community" true true false 254 Text 0 0,First,#,C:\OpenCalgary_project\OpenCalgary_points\Historic_Resource_shapefiles.shp,community,0,254;const_crit "const_crit" true true false 254 Text 0 0,First,#,C:\OpenCalgary_project\OpenCalgary_points\Historic_Resource_shapefiles.shp,const_crit,0,254;constructi "constructi" true true false 19 Double 17 18,First,#,C:\OpenCalgary_project\OpenCalgary_points\Historic_Resource_shapefiles.shp,constructi,-1,-1;current_us "current_us" true true false 254 Text 0 0,First,#,C:\OpenCalgary_project\OpenCalgary_points\Historic_Resource_shapefiles.shp,current_us,0,254;date_demol "date_demol" true true false 8 Date 0 0,First,#,C:\OpenCalgary_project\OpenCalgary_points\Historic_Resource_shapefiles.shp,date_demol,-1,-1;time_demol "time_demol" true true false 254 Text 0 0,First,#,C:\OpenCalgary_project\OpenCalgary_points\Historic_Resource_shapefiles.shp,time_demol,0,254;design_cri "design_cri" true true false 254 Text 0 0,First,#,C:\OpenCalgary_project\OpenCalgary_points\Historic_Resource_shapefiles.shp,design_cri,0,254;developmen "developmen" true true false 254 Text 0 0,First,#,C:\OpenCalgary_project\OpenCalgary_points\Historic_Resource_shapefiles.shp,developmen,0,254;evaluation "evaluation" true true false 254 Text 0 0,First,#,C:\OpenCalgary_project\OpenCalgary_points\Historic_Resource_shapefiles.shp,evaluation,0,254;date_evalu "date_evalu" true true false 8 Date 0 0,First,#,C:\OpenCalgary_project\OpenCalgary_points\Historic_Resource_shapefiles.shp,date_evalu,-1,-1;time_evalu "time_evalu" true true false 254 Text 0 0,First,#,C:\OpenCalgary_project\OpenCalgary_points\Historic_Resource_shapefiles.shp,time_evalu,0,254;event_crit "event_crit" true true false 254 Text 0 0,First,#,C:\OpenCalgary_project\OpenCalgary_points\Historic_Resource_shapefiles.shp,event_crit,0,254;federal_ds "federal_ds" true true false 5 Long 0 5,First,#,C:\OpenCalgary_project\OpenCalgary_points\Historic_Resource_shapefiles.shp,federal_ds,-1,-1;federal__2 "federal__2" true true false 254 Text 0 0,First,#,C:\OpenCalgary_project\OpenCalgary_points\Historic_Resource_shapefiles.shp,federal__2,0,254;file_id "file_id" true true false 254 Text 0 0,First,#,C:\OpenCalgary_project\OpenCalgary_points\Historic_Resource_shapefiles.shp,file_id,0,254;id "id" true true false 19 Double 17 18,First,#,C:\OpenCalgary_project\OpenCalgary_points\Historic_Resource_shapefiles.shp,id,-1,-1;institutio "institutio" true true false 254 Text 0 0,First,#,C:\OpenCalgary_project\OpenCalgary_points\Historic_Resource_shapefiles.shp,institutio,0,254;integrity_ "integrity_" true true false 254 Text 0 0,First,#,C:\OpenCalgary_project\OpenCalgary_points\Historic_Resource_shapefiles.shp,integrity_,0,254;integrit_2 "integrit_2" true true false 254 Text 0 0,First,#,C:\OpenCalgary_project\OpenCalgary_points\Historic_Resource_shapefiles.shp,integrit_2,0,254;integrit_3 "integrit_3" true true false 254 Text 0 0,First,#,C:\OpenCalgary_project\OpenCalgary_points\Historic_Resource_shapefiles.shp,integrit_3,0,254;integrit_4 "integrit_4" true true false 254 Text 0 0,First,#,C:\OpenCalgary_project\OpenCalgary_points\Historic_Resource_shapefiles.shp,integrit_4,0,254;integrit_5 "integrit_5" true true false 254 Text 0 0,First,#,C:\OpenCalgary_project\OpenCalgary_points\Historic_Resource_shapefiles.shp,integrit_5,0,254;integrit_6 "integrit_6" true true false 254 Text 0 0,First,#,C:\OpenCalgary_project\OpenCalgary_points\Historic_Resource_shapefiles.shp,integrit_6,0,254;integrit_7 "integrit_7" true true false 254 Text 0 0,First,#,C:\OpenCalgary_project\OpenCalgary_points\Historic_Resource_shapefiles.shp,integrit_7,0,254;is_feature "is_feature" true true false 254 Text 0 0,First,#,C:\OpenCalgary_project\OpenCalgary_points\Historic_Resource_shapefiles.shp,is_feature,0,254;landmark_c "landmark_c" true true false 254 Text 0 0,First,#,C:\OpenCalgary_project\OpenCalgary_points\Historic_Resource_shapefiles.shp,landmark_c,0,254;date_last_ "date_last_" true true false 8 Date 0 0,First,#,C:\OpenCalgary_project\OpenCalgary_points\Historic_Resource_shapefiles.shp,date_last_,-1,-1;time_last_ "time_last_" true true false 254 Text 0 0,First,#,C:\OpenCalgary_project\OpenCalgary_points\Historic_Resource_shapefiles.shp,time_last_,0,254;legal_dscr "legal_dscr" true true false 254 Text 0 0,First,#,C:\OpenCalgary_project\OpenCalgary_points\Historic_Resource_shapefiles.shp,legal_dscr,0,254;master_pla "master_pla" true true false 254 Text 0 0,First,#,C:\OpenCalgary_project\OpenCalgary_points\Historic_Resource_shapefiles.shp,master_pla,0,254;municipal_ "municipal_" true true false 5 Long 0 5,First,#,C:\OpenCalgary_project\OpenCalgary_points\Historic_Resource_shapefiles.shp,municipal_,-1,-1;municipa_2 "municipa_2" true true false 254 Text 0 0,First,#,C:\OpenCalgary_project\OpenCalgary_points\Historic_Resource_shapefiles.shp,municipa_2,0,254;municipa_3 "municipa_3" true true false 254 Text 0 0,First,#,C:\OpenCalgary_project\OpenCalgary_points\Historic_Resource_shapefiles.shp,municipa_3,0,254;name "name" true true false 254 Text 0 0,First,#,C:\OpenCalgary_project\OpenCalgary_points\Historic_Resource_shapefiles.shp,name,0,254;orig_owner "orig_owner" true true false 254 Text 0 0,First,#,C:\OpenCalgary_project\OpenCalgary_points\Historic_Resource_shapefiles.shp,orig_owner,0,254;orig_use_t "orig_use_t" true true false 254 Text 0 0,First,#,C:\OpenCalgary_project\OpenCalgary_points\Historic_Resource_shapefiles.shp,orig_use_t,0,254;person_cri "person_cri" true true false 254 Text 0 0,First,#,C:\OpenCalgary_project\OpenCalgary_points\Historic_Resource_shapefiles.shp,person_cri,0,254;provincial "provincial" true true false 5 Long 0 5,First,#,C:\OpenCalgary_project\OpenCalgary_points\Historic_Resource_shapefiles.shp,provincial,-1,-1;provinci_2 "provinci_2" true true false 254 Text 0 0,First,#,C:\OpenCalgary_project\OpenCalgary_points\Historic_Resource_shapefiles.shp,provinci_2,0,254;provinci_3 "provinci_3" true true false 254 Text 0 0,First,#,C:\OpenCalgary_project\OpenCalgary_points\Historic_Resource_shapefiles.shp,provinci_3,0,254;registered "registered" true true false 5 Long 0 5,First,#,C:\OpenCalgary_project\OpenCalgary_points\Historic_Resource_shapefiles.shp,registered,-1,-1;register_2 "register_2" true true false 254 Text 0 0,First,#,C:\OpenCalgary_project\OpenCalgary_points\Historic_Resource_shapefiles.shp,register_2,0,254;related_li "related_li" true true false 254 Text 0 0,First,#,C:\OpenCalgary_project\OpenCalgary_points\Historic_Resource_shapefiles.shp,related_li,0,254;resource_a "resource_a" true true false 254 Text 0 0,First,#,C:\OpenCalgary_project\OpenCalgary_points\Historic_Resource_shapefiles.shp,resource_a,0,254;resource_t "resource_t" true true false 254 Text 0 0,First,#,C:\OpenCalgary_project\OpenCalgary_points\Historic_Resource_shapefiles.shp,resource_t,0,254;date_signi "date_signi" true true false 8 Date 0 0,First,#,C:\OpenCalgary_project\OpenCalgary_points\Historic_Resource_shapefiles.shp,date_signi,-1,-1;time_signi "time_signi" true true false 254 Text 0 0,First,#,C:\OpenCalgary_project\OpenCalgary_points\Historic_Resource_shapefiles.shp,time_signi,0,254;significan "significan" true true false 5 Long 0 5,First,#,C:\OpenCalgary_project\OpenCalgary_points\Historic_Resource_shapefiles.shp,significan,-1,-1;signific_2 "signific_2" true true false 254 Text 0 0,First,#,C:\OpenCalgary_project\OpenCalgary_points\Historic_Resource_shapefiles.shp,signific_2,0,254;signific_3 "signific_3" true true false 254 Text 0 0,First,#,C:\OpenCalgary_project\OpenCalgary_points\Historic_Resource_shapefiles.shp,signific_3,0,254;signific_4 "signific_4" true true false 254 Text 0 0,First,#,C:\OpenCalgary_project\OpenCalgary_points\Historic_Resource_shapefiles.shp,signific_4,0,254;signific_5 "signific_5" true true false 254 Text 0 0,First,#,C:\OpenCalgary_project\OpenCalgary_points\Historic_Resource_shapefiles.shp,signific_5,0,254;signific_6 "signific_6" true true false 254 Text 0 0,First,#,C:\OpenCalgary_project\OpenCalgary_points\Historic_Resource_shapefiles.shp,signific_6,0,254;signific_7 "signific_7" true true false 254 Text 0 0,First,#,C:\OpenCalgary_project\OpenCalgary_points\Historic_Resource_shapefiles.shp,signific_7,0,254;signific_8 "signific_8" true true false 254 Text 0 0,First,#,C:\OpenCalgary_project\OpenCalgary_points\Historic_Resource_shapefiles.shp,signific_8,0,254;street_nm "street_nm" true true false 254 Text 0 0,First,#,C:\OpenCalgary_project\OpenCalgary_points\Historic_Resource_shapefiles.shp,street_nm,0,254;street_qua "street_qua" true true false 254 Text 0 0,First,#,C:\OpenCalgary_project\OpenCalgary_points\Historic_Resource_shapefiles.shp,street_qua,0,254;street_ty "street_ty" true true false 254 Text 0 0,First,#,C:\OpenCalgary_project\OpenCalgary_points\Historic_Resource_shapefiles.shp,street_ty,0,254;style_crit "style_crit" true true false 254 Text 0 0,First,#,C:\OpenCalgary_project\OpenCalgary_points\Historic_Resource_shapefiles.shp,style_crit,0,254;suite_alph "suite_alph" true true false 254 Text 0 0,First,#,C:\OpenCalgary_project\OpenCalgary_points\Historic_Resource_shapefiles.shp,suite_alph,0,254;suite_num "suite_num" true true false 254 Text 0 0,First,#,C:\OpenCalgary_project\OpenCalgary_points\Historic_Resource_shapefiles.shp,suite_num,0,254;symbolic_c "symbolic_c" true true false 254 Text 0 0,First,#,C:\OpenCalgary_project\OpenCalgary_points\Historic_Resource_shapefiles.shp,symbolic_c,0,254;typology "typology" true true false 254 Text 0 0,First,#,C:\OpenCalgary_project\OpenCalgary_points\Historic_Resource_shapefiles.shp,typology,0,254" "Completely contains" # #</Process></lineage><itemProps><itemLocation><linkage Sync="TRUE">file://\\AGAR\C$\OpenCalgary_project\Tessellation_points\TS_Historic_Resource_shapefiles.shp</linkage><protocol Sync="TRUE">Local Area Network</protocol></itemLocation><itemName Sync="TRUE">TS_Historic_Resource_shapefiles</itemName><imsContentType Sync="TRUE">002</imsContentType><itemSize Sync="TRUE">0.000</itemSize></itemProps><coordRef><type Sync="TRUE">Projected</type><geogcsn Sync="TRUE">GCS_North_American_1983</geogcsn><csUnits Sync="TRUE">Linear Unit: Meter (1.000000)</csUnits><projcsn Sync="TRUE">NAD_1983_3TM_114</projcsn><peXml Sync="TRUE">&lt;ProjectedCoordinateSystem xsi:type='typens:ProjectedCoordinateSystem' xmlns:xsi='http://www.w3.org/2001/XMLSchema-instance' xmlns:xs='http://www.w3.org/2001/XMLSchema' xmlns:typens='http://www.esri.com/schemas/ArcGIS/2.7.0'&gt;&lt;WKT&gt;PROJCS[&amp;quot;NAD_1983_3TM_114&amp;quot;,GEOGCS[&amp;quot;GCS_North_American_1983&amp;quot;,DATUM[&amp;quot;D_North_American_1983&amp;quot;,SPHEROID[&amp;quot;GRS_1980&amp;quot;,6378137.0,298.257222101]],PRIMEM[&amp;quot;Greenwich&amp;quot;,0.0],UNIT[&amp;quot;Degree&amp;quot;,0.0174532925199433]],PROJECTION[&amp;quot;Transverse_Mercator&amp;quot;],PARAMETER[&amp;quot;False_Easting&amp;quot;,0.0],PARAMETER[&amp;quot;False_Northing&amp;quot;,0.0],PARAMETER[&amp;quot;Central_Meridian&amp;quot;,-114.0],PARAMETER[&amp;quot;Scale_Factor&amp;quot;,0.9999],PARAMETER[&amp;quot;Latitude_Of_Origin&amp;quot;,0.0],UNIT[&amp;quot;Meter&amp;quot;,1.0],AUTHORITY[&amp;quot;EPSG&amp;quot;,3776]]&lt;/WKT&gt;&lt;XOrigin&gt;-5622600&lt;/XOrigin&gt;&lt;YOrigin&gt;-10001100&lt;/YOrigin&gt;&lt;XYScale&gt;450310428.58990461&lt;/XYScale&gt;&lt;ZOrigin&gt;-100000&lt;/ZOrigin&gt;&lt;ZScale&gt;10000&lt;/ZScale&gt;&lt;MOrigin&gt;-100000&lt;/MOrigin&gt;&lt;MScale&gt;10000&lt;/MScale&gt;&lt;XYTolerance&gt;0.001&lt;/XYTolerance&gt;&lt;ZTolerance&gt;0.001&lt;/ZTolerance&gt;&lt;MTolerance&gt;0.001&lt;/MTolerance&gt;&lt;HighPrecision&gt;true&lt;/HighPrecision&gt;&lt;WKID&gt;102187&lt;/WKID&gt;&lt;LatestWKID&gt;3776&lt;/LatestWKID&gt;&lt;/ProjectedCoordinateSystem&gt;</peXml></coordRef></DataProperties><SyncDate>20210103</SyncDate><SyncTime>20392300</SyncTime><ModDate>20210103</ModDate><ModTime>20392300</ModTime></Esri><dataIdInfo><envirDesc Sync="TRUE">Microsoft Windows 10 Version 10.0 (Build 18363) ; Esri ArcGIS 12.7.0.26828</envirDesc><dataLang><languageCode value="eng" Sync="TRUE"></languageCode><countryCode value="CAN" Sync="TRUE"></countryCode></dataLang><idCitation><resTitle Sync="TRUE">TS_Historic_Resource_shapefiles</resTitle><presForm><PresFormCd value="005" Sync="TRUE"></PresFormCd></presForm></idCitation><spatRpType><SpatRepTypCd value="001" Sync="TRUE"></SpatRepTypCd></spatRpType></dataIdInfo><mdLang><languageCode value="eng" Sync="TRUE"></languageCode><countryCode value="CAN" Sync="TRUE"></countryCode></mdLang><distInfo><distFormat><formatName Sync="TRUE">Shapefile</formatName></distFormat><distTranOps><transSize Sync="TRUE">0.000</transSize></distTranOps></distInfo><mdHrLv><ScopeCd value="005" Sync="TRUE"></ScopeCd></mdHrLv><mdHrLvName Sync="TRUE">dataset</mdHrLvName><refSysInfo><RefSystem><refSysID><identCode code="3776" Sync="TRUE"></identCode><idCodeSpace Sync="TRUE">EPSG</idCodeSpace><idVersion Sync="TRUE">6.16(10.0.0)</idVersion></refSysID></RefSystem></refSysInfo><spatRepInfo><VectSpatRep><geometObjs Name="TS_Historic_Resource_shapefiles"><geoObjTyp><GeoObjTypCd value="002" Sync="TRUE"></GeoObjTypCd></geoObjTyp><geoObjCnt Sync="TRUE">0</geoObjCnt></geometObjs><topLvl><TopoLevCd value="001" Sync="TRUE"></TopoLevCd></topLvl></VectSpatRep></spatRepInfo><spdoinfo><ptvctinf><esriterm Name="TS_Historic_Resource_shapefiles"><efeatyp Sync="TRUE">Simple</efeatyp><efeageom code="4" Sync="TRUE"></efeageom><esritopo Sync="TRUE">FALSE</esritopo><efeacnt Sync="TRUE">0</efeacnt><spindex Sync="TRUE">FALSE</spindex><linrefer Sync="TRUE">FALSE</linrefer></esriterm></ptvctinf></spdoinfo><eainfo><detailed Name="TS_Historic_Resource_shapefiles"><enttyp><enttypl Sync="TRUE">TS_Historic_Resource_shapefiles</enttypl><enttypt Sync="TRUE">Feature Class</enttypt><enttypc Sync="TRUE">0</enttypc></enttyp><attr><attrlabl Sync="TRUE">FID</attrlabl><attalias Sync="TRUE">FID</attalias><attrtype Sync="TRUE">OID</attrtype><attwidth Sync="TRUE">4</attwidth><atprecis Sync="TRUE">0</atprecis><attscale Sync="TRUE">0</attscale><attrdef Sync="TRUE">Internal feature number.</attrdef><attrdefs Sync="TRUE">Esri</attrdefs><attrdomv><udom Sync="TRUE">Sequential unique whole numbers that are automatically generated.</udom></attrdomv></attr><attr><attrlabl Sync="TRUE">Shape</attrlabl><attalias Sync="TRUE">Shape</attalias><attrtype Sync="TRUE">Geometry</attrtype><attwidth Sync="TRUE">0</attwidth><atprecis Sync="TRUE">0</atprecis><attscale Sync="TRUE">0</attscale><attrdef Sync="TRUE">Feature geometry.</attrdef><attrdefs Sync="TRUE">Esri</attrdefs><attrdomv><udom Sync="TRUE">Coordinates defining the features.</udom></attrdomv></attr><attr><attrlabl Sync="TRUE">Join_Count</attrlabl><attalias Sync="TRUE">Join_Count</attalias><attrtype Sync="TRUE">Integer</attrtype><attwidth Sync="TRUE">10</attwidth><atprecis Sync="TRUE">10</atprecis><attscale Sync="TRUE">0</attscale></attr><attr><attrlabl Sync="TRUE">TARGET_FID</attrlabl><attalias Sync="TRUE">TARGET_FID</attalias><attrtype Sync="TRUE">Integer</attrtype><attwidth Sync="TRUE">10</attwidth><atprecis Sync="TRUE">10</atprecis><attscale Sync="TRUE">0</attscale></attr><attr><attrlabl Sync="TRUE">GRID_ID</attrlabl><attalias Sync="TRUE">GRID_ID</attalias><attrtype Sync="TRUE">String</attrtype><attwidth Sync="TRUE">12</attwidth><atprecis Sync="TRUE">0</atprecis><attscale Sync="TRUE">0</attscale></attr><attr><attrlabl Sync="TRUE">Shape_Leng</attrlabl><attalias Sync="TRUE">Shape_Leng</attalias><attrtype Sync="TRUE">Double</attrtype><attwidth Sync="TRUE">19</attwidth><atprecis Sync="TRUE">0</atprecis><attscale Sync="TRUE">0</attscale></attr><attr><attrlabl Sync="TRUE">Shape_Area</attrlabl><attalias Sync="TRUE">Shape_Area</attalias><attrtype Sync="TRUE">Double</attrtype><attwidth Sync="TRUE">19</attwidth><atprecis Sync="TRUE">0</atprecis><attscale Sync="TRUE">0</attscale><attrdef Sync="TRUE">Area of feature in internal units squared.</attrdef><attrdefs Sync="TRUE">Esri</attrdefs><attrdomv><udom Sync="TRUE">Positive real numbers that are automatically generated.</udom></attrdomv></attr><attr><attrlabl Sync="TRUE">activity_c</attrlabl><attalias Sync="TRUE">activity_c</attalias><attrtype Sync="TRUE">String</attrtype><attwidth Sync="TRUE">254</attwidth><atprecis Sync="TRUE">0</atprecis><attscale Sync="TRUE">0</attscale></attr><attr><attrlabl Sync="TRUE">date_appro</attrlabl><attalias Sync="TRUE">date_appro</attalias><attrtype Sync="TRUE">Date</attrtype><attwidth Sync="TRUE">8</attwidth><atprecis Sync="TRUE">0</atprecis><attscale Sync="TRUE">0</attscale></attr><attr><attrlabl Sync="TRUE">time_appro</attrlabl><attalias Sync="TRUE">time_appro</attalias><attrtype Sync="TRUE">String</attrtype><attwidth Sync="TRUE">254</attwidth><atprecis Sync="TRUE">0</atprecis><attscale Sync="TRUE">0</attscale></attr><attr><attrlabl Sync="TRUE">architect</attrlabl><attalias Sync="TRUE">architect</attalias><attrtype Sync="TRUE">String</attrtype><attwidth Sync="TRUE">254</attwidth><atprecis Sync="TRUE">0</atprecis><attscale Sync="TRUE">0</attscale></attr><attr><attrlabl Sync="TRUE">architectu</attrlabl><attalias Sync="TRUE">architectu</attalias><attrtype Sync="TRUE">String</attrtype><attwidth Sync="TRUE">254</attwidth><atprecis Sync="TRUE">0</atprecis><attscale Sync="TRUE">0</attscale></attr><attr><attrlabl Sync="TRUE">bldg_alpha</attrlabl><attalias Sync="TRUE">bldg_alpha</attalias><attrtype Sync="TRUE">String</attrtype><attwidth Sync="TRUE">254</attwidth><atprecis Sync="TRUE">0</atprecis><attscale Sync="TRUE">0</attscale></attr><attr><attrlabl Sync="TRUE">bldg_num</attrlabl><attalias Sync="TRUE">bldg_num</attalias><attrtype Sync="TRUE">Double</attrtype><attwidth Sync="TRUE">19</attwidth><atprecis Sync="TRUE">18</atprecis><attscale Sync="TRUE">17</attscale></attr><attr><attrlabl Sync="TRUE">builder</attrlabl><attalias Sync="TRUE">builder</attalias><attrtype Sync="TRUE">String</attrtype><attwidth Sync="TRUE">254</attwidth><atprecis Sync="TRUE">0</atprecis><attscale Sync="TRUE">0</attscale></attr><attr><attrlabl Sync="TRUE">comment</attrlabl><attalias Sync="TRUE">comment</attalias><attrtype Sync="TRUE">String</attrtype><attwidth Sync="TRUE">254</attwidth><atprecis Sync="TRUE">0</atprecis><attscale Sync="TRUE">0</attscale></attr><attr><attrlabl Sync="TRUE">community</attrlabl><attalias Sync="TRUE">community</attalias><attrtype Sync="TRUE">String</attrtype><attwidth Sync="TRUE">254</attwidth><atprecis Sync="TRUE">0</atprecis><attscale Sync="TRUE">0</attscale></attr><attr><attrlabl Sync="TRUE">const_crit</attrlabl><attalias Sync="TRUE">const_crit</attalias><attrtype Sync="TRUE">String</attrtype><attwidth Sync="TRUE">254</attwidth><atprecis Sync="TRUE">0</atprecis><attscale Sync="TRUE">0</attscale></attr><attr><attrlabl Sync="TRUE">constructi</attrlabl><attalias Sync="TRUE">constructi</attalias><attrtype Sync="TRUE">Double</attrtype><attwidth Sync="TRUE">19</attwidth><atprecis Sync="TRUE">18</atprecis><attscale Sync="TRUE">17</attscale></attr><attr><attrlabl Sync="TRUE">current_us</attrlabl><attalias Sync="TRUE">current_us</attalias><attrtype Sync="TRUE">String</attrtype><attwidth Sync="TRUE">254</attwidth><atprecis Sync="TRUE">0</atprecis><attscale Sync="TRUE">0</attscale></attr><attr><attrlabl Sync="TRUE">date_demol</attrlabl><attalias Sync="TRUE">date_demol</attalias><attrtype Sync="TRUE">Date</attrtype><attwidth Sync="TRUE">8</attwidth><atprecis Sync="TRUE">0</atprecis><attscale Sync="TRUE">0</attscale></attr><attr><attrlabl Sync="TRUE">time_demol</attrlabl><attalias Sync="TRUE">time_demol</attalias><attrtype Sync="TRUE">String</attrtype><attwidth Sync="TRUE">254</attwidth><atprecis Sync="TRUE">0</atprecis><attscale Sync="TRUE">0</attscale></attr><attr><attrlabl Sync="TRUE">design_cri</attrlabl><attalias Sync="TRUE">design_cri</attalias><attrtype Sync="TRUE">String</attrtype><attwidth Sync="TRUE">254</attwidth><atprecis Sync="TRUE">0</atprecis><attscale Sync="TRUE">0</attscale></attr><attr><attrlabl Sync="TRUE">developmen</attrlabl><attalias Sync="TRUE">developmen</attalias><attrtype Sync="TRUE">String</attrtype><attwidth Sync="TRUE">254</attwidth><atprecis Sync="TRUE">0</atprecis><attscale Sync="TRUE">0</attscale></attr><attr><attrlabl Sync="TRUE">evaluation</attrlabl><attalias Sync="TRUE">evaluation</attalias><attrtype Sync="TRUE">String</attrtype><attwidth Sync="TRUE">254</attwidth><atprecis Sync="TRUE">0</atprecis><attscale Sync="TRUE">0</attscale></attr><attr><attrlabl Sync="TRUE">date_evalu</attrlabl><attalias Sync="TRUE">date_evalu</attalias><attrtype Sync="TRUE">Date</attrtype><attwidth Sync="TRUE">8</attwidth><atprecis Sync="TRUE">0</atprecis><attscale Sync="TRUE">0</attscale></attr><attr><attrlabl Sync="TRUE">time_evalu</attrlabl><attalias Sync="TRUE">time_evalu</attalias><attrtype Sync="TRUE">String</attrtype><attwidth Sync="TRUE">254</attwidth><atprecis Sync="TRUE">0</atprecis><attscale Sync="TRUE">0</attscale></attr><attr><attrlabl Sync="TRUE">event_crit</attrlabl><attalias Sync="TRUE">event_crit</attalias><attrtype Sync="TRUE">String</attrtype><attwidth Sync="TRUE">254</attwidth><atprecis Sync="TRUE">0</atprecis><attscale Sync="TRUE">0</attscale></attr><attr><attrlabl Sync="TRUE">federal_ds</attrlabl><attalias Sync="TRUE">federal_ds</attalias><attrtype Sync="TRUE">Integer</attrtype><attwidth Sync="TRUE">5</attwidth><atprecis Sync="TRUE">5</atprecis><attscale Sync="TRUE">0</attscale></attr><attr><attrlabl Sync="TRUE">federal__2</attrlabl><attalias Sync="TRUE">federal__2</attalias><attrtype Sync="TRUE">String</attrtype><attwidth Sync="TRUE">254</attwidth><atprecis Sync="TRUE">0</atprecis><attscale Sync="TRUE">0</attscale></attr><attr><attrlabl Sync="TRUE">file_id</attrlabl><attalias Sync="TRUE">file_id</attalias><attrtype Sync="TRUE">String</attrtype><attwidth Sync="TRUE">254</attwidth><atprecis Sync="TRUE">0</atprecis><attscale Sync="TRUE">0</attscale></attr><attr><attrlabl Sync="TRUE">id</attrlabl><attalias Sync="TRUE">id</attalias><attrtype Sync="TRUE">Double</attrtype><attwidth Sync="TRUE">19</attwidth><atprecis Sync="TRUE">18</atprecis><attscale Sync="TRUE">17</attscale></attr><attr><attrlabl Sync="TRUE">institutio</attrlabl><attalias Sync="TRUE">institutio</attalias><attrtype Sync="TRUE">String</attrtype><attwidth Sync="TRUE">254</attwidth><atprecis Sync="TRUE">0</atprecis><attscale Sync="TRUE">0</attscale></attr><attr><attrlabl Sync="TRUE">integrity_</attrlabl><attalias Sync="TRUE">integrity_</attalias><attrtype Sync="TRUE">String</attrtype><attwidth Sync="TRUE">254</attwidth><atprecis Sync="TRUE">0</atprecis><attscale Sync="TRUE">0</attscale></attr><attr><attrlabl Sync="TRUE">integrit_2</attrlabl><attalias Sync="TRUE">integrit_2</attalias><attrtype Sync="TRUE">String</attrtype><attwidth Sync="TRUE">254</attwidth><atprecis Sync="TRUE">0</atprecis><attscale Sync="TRUE">0</attscale></attr><attr><attrlabl Sync="TRUE">integrit_3</attrlabl><attalias Sync="TRUE">integrit_3</attalias><attrtype Sync="TRUE">String</attrtype><attwidth Sync="TRUE">254</attwidth><atprecis Sync="TRUE">0</atprecis><attscale Sync="TRUE">0</attscale></attr><attr><attrlabl Sync="TRUE">integrit_4</attrlabl><attalias Sync="TRUE">integrit_4</attalias><attrtype Sync="TRUE">String</attrtype><attwidth Sync="TRUE">254</attwidth><atprecis Sync="TRUE">0</atprecis><attscale Sync="TRUE">0</attscale></attr><attr><attrlabl Sync="TRUE">integrit_5</attrlabl><attalias Sync="TRUE">integrit_5</attalias><attrtype Sync="TRUE">String</attrtype><attwidth Sync="TRUE">254</attwidth><atprecis Sync="TRUE">0</atprecis><attscale Sync="TRUE">0</attscale></attr><attr><attrlabl Sync="TRUE">integrit_6</attrlabl><attalias Sync="TRUE">integrit_6</attalias><attrtype Sync="TRUE">String</attrtype><attwidth Sync="TRUE">254</attwidth><atprecis Sync="TRUE">0</atprecis><attscale Sync="TRUE">0</attscale></attr><attr><attrlabl Sync="TRUE">integrit_7</attrlabl><attalias Sync="TRUE">integrit_7</attalias><attrtype Sync="TRUE">String</attrtype><attwidth Sync="TRUE">254</attwidth><atprecis Sync="TRUE">0</atprecis><attscale Sync="TRUE">0</attscale></attr><attr><attrlabl Sync="TRUE">is_feature</attrlabl><attalias Sync="TRUE">is_feature</attalias><attrtype Sync="TRUE">String</attrtype><attwidth Sync="TRUE">254</attwidth><atprecis Sync="TRUE">0</atprecis><attscale Sync="TRUE">0</attscale></attr><attr><attrlabl Sync="TRUE">landmark_c</attrlabl><attalias Sync="TRUE">landmark_c</attalias><attrtype Sync="TRUE">String</attrtype><attwidth Sync="TRUE">254</attwidth><atprecis Sync="TRUE">0</atprecis><attscale Sync="TRUE">0</attscale></attr><attr><attrlabl Sync="TRUE">date_last_</attrlabl><attalias Sync="TRUE">date_last_</attalias><attrtype Sync="TRUE">Date</attrtype><attwidth Sync="TRUE">8</attwidth><atprecis Sync="TRUE">0</atprecis><attscale Sync="TRUE">0</attscale></attr><attr><attrlabl Sync="TRUE">time_last_</attrlabl><attalias Sync="TRUE">time_last_</attalias><attrtype Sync="TRUE">String</attrtype><attwidth Sync="TRUE">254</attwidth><atprecis Sync="TRUE">0</atprecis><attscale Sync="TRUE">0</attscale></attr><attr><attrlabl Sync="TRUE">legal_dscr</attrlabl><attalias Sync="TRUE">legal_dscr</attalias><attrtype Sync="TRUE">String</attrtype><attwidth Sync="TRUE">254</attwidth><atprecis Sync="TRUE">0</atprecis><attscale Sync="TRUE">0</attscale></attr><attr><attrlabl Sync="TRUE">master_pla</attrlabl><attalias Sync="TRUE">master_pla</attalias><attrtype Sync="TRUE">String</attrtype><attwidth Sync="TRUE">254</attwidth><atprecis Sync="TRUE">0</atprecis><attscale Sync="TRUE">0</attscale></attr><attr><attrlabl Sync="TRUE">municipal_</attrlabl><attalias Sync="TRUE">municipal_</attalias><attrtype Sync="TRUE">Integer</attrtype><attwidth Sync="TRUE">5</attwidth><atprecis Sync="TRUE">5</atprecis><attscale Sync="TRUE">0</attscale></attr><attr><attrlabl Sync="TRUE">municipa_2</attrlabl><attalias Sync="TRUE">municipa_2</attalias><attrtype Sync="TRUE">String</attrtype><attwidth Sync="TRUE">254</attwidth><atprecis Sync="TRUE">0</atprecis><attscale Sync="TRUE">0</attscale></attr><attr><attrlabl Sync="TRUE">municipa_3</attrlabl><attalias Sync="TRUE">municipa_3</attalias><attrtype Sync="TRUE">String</attrtype><attwidth Sync="TRUE">254</attwidth><atprecis Sync="TRUE">0</atprecis><attscale Sync="TRUE">0</attscale></attr><attr><attrlabl Sync="TRUE">name</attrlabl><attalias Sync="TRUE">name</attalias><attrtype Sync="TRUE">String</attrtype><attwidth Sync="TRUE">254</attwidth><atprecis Sync="TRUE">0</atprecis><attscale Sync="TRUE">0</attscale></attr><attr><attrlabl Sync="TRUE">orig_owner</attrlabl><attalias Sync="TRUE">orig_owner</attalias><attrtype Sync="TRUE">String</attrtype><attwidth Sync="TRUE">254</attwidth><atprecis Sync="TRUE">0</atprecis><attscale Sync="TRUE">0</attscale></attr><attr><attrlabl Sync="TRUE">orig_use_t</attrlabl><attalias Sync="TRUE">orig_use_t</attalias><attrtype Sync="TRUE">String</attrtype><attwidth Sync="TRUE">254</attwidth><atprecis Sync="TRUE">0</atprecis><attscale Sync="TRUE">0</attscale></attr><attr><attrlabl Sync="TRUE">person_cri</attrlabl><attalias Sync="TRUE">person_cri</attalias><attrtype Sync="TRUE">String</attrtype><attwidth Sync="TRUE">254</attwidth><atprecis Sync="TRUE">0</atprecis><attscale Sync="TRUE">0</attscale></attr><attr><attrlabl Sync="TRUE">provincial</attrlabl><attalias Sync="TRUE">provincial</attalias><attrtype Sync="TRUE">Integer</attrtype><attwidth Sync="TRUE">5</attwidth><atprecis Sync="TRUE">5</atprecis><attscale Sync="TRUE">0</attscale></attr><attr><attrlabl Sync="TRUE">provinci_2</attrlabl><attalias Sync="TRUE">provinci_2</attalias><attrtype Sync="TRUE">String</attrtype><attwidth Sync="TRUE">254</attwidth><atprecis Sync="TRUE">0</atprecis><attscale Sync="TRUE">0</attscale></attr><attr><attrlabl Sync="TRUE">provinci_3</attrlabl><attalias Sync="TRUE">provinci_3</attalias><attrtype Sync="TRUE">String</attrtype><attwidth Sync="TRUE">254</attwidth><atprecis Sync="TRUE">0</atprecis><attscale Sync="TRUE">0</attscale></attr><attr><attrlabl Sync="TRUE">registered</attrlabl><attalias Sync="TRUE">registered</attalias><attrtype Sync="TRUE">Integer</attrtype><attwidth Sync="TRUE">5</attwidth><atprecis Sync="TRUE">5</atprecis><attscale Sync="TRUE">0</attscale></attr><attr><attrlabl Sync="TRUE">register_2</attrlabl><attalias Sync="TRUE">register_2</attalias><attrtype Sync="TRUE">String</attrtype><attwidth Sync="TRUE">254</attwidth><atprecis Sync="TRUE">0</atprecis><attscale Sync="TRUE">0</attscale></attr><attr><attrlabl Sync="TRUE">related_li</attrlabl><attalias Sync="TRUE">related_li</attalias><attrtype Sync="TRUE">String</attrtype><attwidth Sync="TRUE">254</attwidth><atprecis Sync="TRUE">0</atprecis><attscale Sync="TRUE">0</attscale></attr><attr><attrlabl Sync="TRUE">resource_a</attrlabl><attalias Sync="TRUE">resource_a</attalias><attrtype Sync="TRUE">String</attrtype><attwidth Sync="TRUE">254</attwidth><atprecis Sync="TRUE">0</atprecis><attscale Sync="TRUE">0</attscale></attr><attr><attrlabl Sync="TRUE">resource_t</attrlabl><attalias Sync="TRUE">resource_t</attalias><attrtype Sync="TRUE">String</attrtype><attwidth Sync="TRUE">254</attwidth><atprecis Sync="TRUE">0</atprecis><attscale Sync="TRUE">0</attscale></attr><attr><attrlabl Sync="TRUE">date_signi</attrlabl><attalias Sync="TRUE">date_signi</attalias><attrtype Sync="TRUE">Date</attrtype><attwidth Sync="TRUE">8</attwidth><atprecis Sync="TRUE">0</atprecis><attscale Sync="TRUE">0</attscale></attr><attr><attrlabl Sync="TRUE">time_signi</attrlabl><attalias Sync="TRUE">time_signi</attalias><attrtype Sync="TRUE">String</attrtype><attwidth Sync="TRUE">254</attwidth><atprecis Sync="TRUE">0</atprecis><attscale Sync="TRUE">0</attscale></attr><attr><attrlabl Sync="TRUE">significan</attrlabl><attalias Sync="TRUE">significan</attalias><attrtype Sync="TRUE">Integer</attrtype><attwidth Sync="TRUE">5</attwidth><atprecis Sync="TRUE">5</atprecis><attscale Sync="TRUE">0</attscale></attr><attr><attrlabl Sync="TRUE">signific_2</attrlabl><attalias Sync="TRUE">signific_2</attalias><attrtype Sync="TRUE">String</attrtype><attwidth Sync="TRUE">254</attwidth><atprecis Sync="TRUE">0</atprecis><attscale Sync="TRUE">0</attscale></attr><attr><attrlabl Sync="TRUE">signific_3</attrlabl><attalias Sync="TRUE">signific_3</attalias><attrtype Sync="TRUE">String</attrtype><attwidth Sync="TRUE">254</attwidth><atprecis Sync="TRUE">0</atprecis><attscale Sync="TRUE">0</attscale></attr><attr><attrlabl Sync="TRUE">signific_4</attrlabl><attalias Sync="TRUE">signific_4</attalias><attrtype Sync="TRUE">String</attrtype><attwidth Sync="TRUE">254</attwidth><atprecis Sync="TRUE">0</atprecis><attscale Sync="TRUE">0</attscale></attr><attr><attrlabl Sync="TRUE">signific_5</attrlabl><attalias Sync="TRUE">signific_5</attalias><attrtype Sync="TRUE">String</attrtype><attwidth Sync="TRUE">254</attwidth><atprecis Sync="TRUE">0</atprecis><attscale Sync="TRUE">0</attscale></attr><attr><attrlabl Sync="TRUE">signific_6</attrlabl><attalias Sync="TRUE">signific_6</attalias><attrtype Sync="TRUE">String</attrtype><attwidth Sync="TRUE">254</attwidth><atprecis Sync="TRUE">0</atprecis><attscale Sync="TRUE">0</attscale></attr><attr><attrlabl Sync="TRUE">signific_7</attrlabl><attalias Sync="TRUE">signific_7</attalias><attrtype Sync="TRUE">String</attrtype><attwidth Sync="TRUE">254</attwidth><atprecis Sync="TRUE">0</atprecis><attscale Sync="TRUE">0</attscale></attr><attr><attrlabl Sync="TRUE">signific_8</attrlabl><attalias Sync="TRUE">signific_8</attalias><attrtype Sync="TRUE">String</attrtype><attwidth Sync="TRUE">254</attwidth><atprecis Sync="TRUE">0</atprecis><attscale Sync="TRUE">0</attscale></attr><attr><attrlabl Sync="TRUE">street_nm</attrlabl><attalias Sync="TRUE">street_nm</attalias><attrtype Sync="TRUE">String</attrtype><attwidth Sync="TRUE">254</attwidth><atprecis Sync="TRUE">0</atprecis><attscale Sync="TRUE">0</attscale></attr><attr><attrlabl Sync="TRUE">street_qua</attrlabl><attalias Sync="TRUE">street_qua</attalias><attrtype Sync="TRUE">String</attrtype><attwidth Sync="TRUE">254</attwidth><atprecis Sync="TRUE">0</atprecis><attscale Sync="TRUE">0</attscale></attr><attr><attrlabl Sync="TRUE">street_ty</attrlabl><attalias Sync="TRUE">street_ty</attalias><attrtype Sync="TRUE">String</attrtype><attwidth Sync="TRUE">254</attwidth><atprecis Sync="TRUE">0</atprecis><attscale Sync="TRUE">0</attscale></attr><attr><attrlabl Sync="TRUE">style_crit</attrlabl><attalias Sync="TRUE">style_crit</attalias><attrtype Sync="TRUE">String</attrtype><attwidth Sync="TRUE">254</attwidth><atprecis Sync="TRUE">0</atprecis><attscale Sync="TRUE">0</attscale></attr><attr><attrlabl Sync="TRUE">suite_alph</attrlabl><attalias Sync="TRUE">suite_alph</attalias><attrtype Sync="TRUE">String</attrtype><attwidth Sync="TRUE">254</attwidth><atprecis Sync="TRUE">0</atprecis><attscale Sync="TRUE">0</attscale></attr><attr><attrlabl Sync="TRUE">suite_num</attrlabl><attalias Sync="TRUE">suite_num</attalias><attrtype Sync="TRUE">String</attrtype><attwidth Sync="TRUE">254</attwidth><atprecis Sync="TRUE">0</atprecis><attscale Sync="TRUE">0</attscale></attr><attr><attrlabl Sync="TRUE">symbolic_c</attrlabl><attalias Sync="TRUE">symbolic_c</attalias><attrtype Sync="TRUE">String</attrtype><attwidth Sync="TRUE">254</attwidth><atprecis Sync="TRUE">0</atprecis><attscale Sync="TRUE">0</attscale></attr><attr><attrlabl Sync="TRUE">typology</attrlabl><attalias Sync="TRUE">typology</attalias><attrtype Sync="TRUE">String</attrtype><attwidth Sync="TRUE">254</attwidth><atprecis Sync="TRUE">0</atprecis><attscale Sync="TRUE">0</attscale></attr></detailed></eainfo><mdDateSt Sync="TRUE">20210103</mdDateSt></metadata>
