<metadata xml:lang="en"><Esri><CreaDate>20201226</CreaDate><CreaTime>18595100</CreaTime><ArcGISFormat>1.0</ArcGISFormat><SyncOnce>FALSE</SyncOnce><DataProperties><lineage><Process ToolSource="c:\program files\arcgis\pro\Resources\ArcToolbox\toolboxes\Data Management Tools.tbx\CreateFeatureclass" Date="20201226" Time="112914">CreateFeatureclass C:\OpenCalgary_project\Open_Calgary.gdb GenerateTessellation Polygon # No No "PROJCS['Calgary_3TM_WGS_1984_W114',GEOGCS['GCS_WGS_1984',DATUM['D_WGS_1984',SPHEROID['World_Geodetic_System_of_1984_GEM_10C',6378137.0,298.257223563]],PRIMEM['Greenwich',0.0],UNIT['Degree',0.0174532925199433]],PROJECTION['Transverse_Mercator'],PARAMETER['false_easting',0.0],PARAMETER['false_northing',0.0],PARAMETER['central_meridian',-114.0],PARAMETER['scale_factor',0.9999],PARAMETER['latitude_of_origin',0.0],UNIT['Meter',1.0]];-5622600 -10001100 10000;-100000 10000;-100000 10000;0.001;0.001;0.001;IsHighPrecision" # 0 0 0 #</Process><Process ToolSource="c:\program files\arcgis\pro\Resources\ArcToolbox\toolboxes\Data Management Tools.tbx\AddField" Date="20201226" Time="112914">AddField C:\OpenCalgary_project\Open_Calgary.gdb\GenerateTessellation GRID_ID Text # # 12 # NULLABLE NON_REQUIRED #</Process><Process ToolSource="c:\program files\arcgis\pro\Resources\ArcToolbox\toolboxes\Data Management Tools.tbx\GenerateTessellation" Date="20201226" Time="112915">GenerateTessellation C:\OpenCalgary_project\Open_Calgary.gdb\GenerateTessellation "-22099.2863999996 5634037.7804 9863.39690000005 5675150.5817" Hexagon "1 SquareKilometers" "PROJCS['Calgary_3TM_WGS_1984_W114',GEOGCS['GCS_WGS_1984',DATUM['D_WGS_1984',SPHEROID['World_Geodetic_System_of_1984_GEM_10C',6378137.0,298.257223563]],PRIMEM['Greenwich',0.0],UNIT['Degree',0.0174532925199433]],PROJECTION['Transverse_Mercator'],PARAMETER['false_easting',0.0],PARAMETER['false_northing',0.0],PARAMETER['central_meridian',-114.0],PARAMETER['scale_factor',0.9999],PARAMETER['latitude_of_origin',0.0],UNIT['Meter',1.0]];-5622600 -10001100 10000;-100000 10000;-100000 10000;0.001;0.001;0.001;IsHighPrecision"</Process><Process ToolSource="c:\program files\arcgis\pro\Resources\ArcToolbox\toolboxes\Data Management Tools.tbx\Project" Date="20201226" Time="185951">Project GenerateTessellation C:\OpenCalgary_project\Open_Calgary.gdb\GenerateTessellation_Project PROJCS['NAD_1983_3TM_114',GEOGCS['GCS_North_American_1983',DATUM['D_North_American_1983',SPHEROID['GRS_1980',6378137.0,298.257222101]],PRIMEM['Greenwich',0.0],UNIT['Degree',0.0174532925199433]],PROJECTION['Transverse_Mercator'],PARAMETER['False_Easting',0.0],PARAMETER['False_Northing',0.0],PARAMETER['Central_Meridian',-114.0],PARAMETER['Scale_Factor',0.9999],PARAMETER['Latitude_Of_Origin',0.0],UNIT['Meter',1.0]] # PROJCS['Calgary_3TM_WGS_1984_W114',GEOGCS['GCS_WGS_1984',DATUM['D_WGS_1984',SPHEROID['World_Geodetic_System_of_1984_GEM_10C',6378137.0,298.257223563]],PRIMEM['Greenwich',0.0],UNIT['Degree',0.0174532925199433]],PROJECTION['Transverse_Mercator'],PARAMETER['false_easting',0.0],PARAMETER['false_northing',0.0],PARAMETER['central_meridian',-114.0],PARAMETER['scale_factor',0.9999],PARAMETER['latitude_of_origin',0.0],UNIT['Meter',1.0]] NO_PRESERVE_SHAPE # NO_VERTICAL</Process><Process ToolSource="c:\program files\arcgis\pro\Resources\ArcToolbox\toolboxes\Conversion Tools.tbx\FeatureClassToFeatureClass" Date="20210102" Time="074751">FeatureClassToFeatureClass GenerateTessellation_Project C:\OpenCalgary_project\Pilot\Pilot_test.gdb Tessellation # "GRID_ID "GRID_ID" true true false 12 Text 0 0,First,#,GenerateTessellation_Project,GRID_ID,0,12;Shape_Length "Shape_Length" false true true 8 Double 0 0,First,#,GenerateTessellation_Project,Shape_Length,-1,-1;Shape_Area "Shape_Area" false true true 8 Double 0 0,First,#,GenerateTessellation_Project,Shape_Area,-1,-1" #</Process><Process ToolSource="c:\program files\arcgis\pro\Resources\ArcToolbox\toolboxes\Conversion Tools.tbx\FeatureClassToFeatureClass" Date="20210102" Time="075301">FeatureClassToFeatureClass Tessellation C:\OpenCalgary_project\Base_files Tessellation_1km.shp # "GRID_ID "GRID_ID" true true false 12 Text 0 0,First,#,Tessellation,GRID_ID,0,12;Shape_Length "Shape_Length" false true true 8 Double 0 0,First,#,Tessellation,Shape_Length,-1,-1;Shape_Area "Shape_Area" false true true 8 Double 0 0,First,#,Tessellation,Shape_Area,-1,-1" #</Process><Process ToolSource="c:\program files\arcgis\pro\Resources\ArcToolbox\toolboxes\Analysis Tools.tbx\SpatialJoin" Date="20210103" Time="204055">SpatialJoin C:\OpenCalgary_project\Base_files\Tessellation_1km.shp C:\OpenCalgary_project\OpenCalgary_points\Recreation_Facilities_shapefiles.shp C:\OpenCalgary_project\Tessellation_points\TS_Recreation_Facilities_shapefiles.shp "Join one to one" KEEP_ALL "GRID_ID "GRID_ID" true true false 12 Text 0 0,First,#,C:\OpenCalgary_project\Base_files\Tessellation_1km.shp,GRID_ID,0,12;Shape_Leng "Shape_Leng" true true false 19 Double 0 0,First,#,C:\OpenCalgary_project\Base_files\Tessellation_1km.shp,Shape_Leng,-1,-1;Shape_Area "Shape_Area" true true false 19 Double 0 0,First,#,C:\OpenCalgary_project\Base_files\Tessellation_1km.shp,Shape_Area,-1,-1;complex_na "complex_na" true true false 254 Text 0 0,First,#,C:\OpenCalgary_project\OpenCalgary_points\Recreation_Facilities_shapefiles.shp,complex_na,0,254;facility_t "facility_t" true true false 254 Text 0 0,First,#,C:\OpenCalgary_project\OpenCalgary_points\Recreation_Facilities_shapefiles.shp,facility_t,0,254;tier "tier" true true false 19 Double 17 18,First,#,C:\OpenCalgary_project\OpenCalgary_points\Recreation_Facilities_shapefiles.shp,tier,-1,-1;address "address" true true false 254 Text 0 0,First,#,C:\OpenCalgary_project\OpenCalgary_points\Recreation_Facilities_shapefiles.shp,address,0,254;org "org" true true false 254 Text 0 0,First,#,C:\OpenCalgary_project\OpenCalgary_points\Recreation_Facilities_shapefiles.shp,org,0,254;typ_of_org "typ_of_org" true true false 254 Text 0 0,First,#,C:\OpenCalgary_project\OpenCalgary_points\Recreation_Facilities_shapefiles.shp,typ_of_org,0,254;steward "steward" true true false 254 Text 0 0,First,#,C:\OpenCalgary_project\OpenCalgary_points\Recreation_Facilities_shapefiles.shp,steward,0,254;oper "oper" true true false 254 Text 0 0,First,#,C:\OpenCalgary_project\OpenCalgary_points\Recreation_Facilities_shapefiles.shp,oper,0,254;label "label" true true false 254 Text 0 0,First,#,C:\OpenCalgary_project\OpenCalgary_points\Recreation_Facilities_shapefiles.shp,label,0,254;website "website" true true false 254 Text 0 0,First,#,C:\OpenCalgary_project\OpenCalgary_points\Recreation_Facilities_shapefiles.shp,website,0,254;phone "phone" true true false 254 Text 0 0,First,#,C:\OpenCalgary_project\OpenCalgary_points\Recreation_Facilities_shapefiles.shp,phone,0,254;notes "notes" true true false 254 Text 0 0,First,#,C:\OpenCalgary_project\OpenCalgary_points\Recreation_Facilities_shapefiles.shp,notes,0,254;gym "gym" true true false 19 Double 17 18,First,#,C:\OpenCalgary_project\OpenCalgary_points\Recreation_Facilities_shapefiles.shp,gym,-1,-1;gymnast_fa "gymnast_fa" true true false 254 Text 0 0,First,#,C:\OpenCalgary_project\OpenCalgary_points\Recreation_Facilities_shapefiles.shp,gymnast_fa,0,254;fitnss_wgh "fitnss_wgh" true true false 254 Text 0 0,First,#,C:\OpenCalgary_project\OpenCalgary_points\Recreation_Facilities_shapefiles.shp,fitnss_wgh,0,254;fit_studio "fit_studio" true true false 19 Double 17 18,First,#,C:\OpenCalgary_project\OpenCalgary_points\Recreation_Facilities_shapefiles.shp,fit_studio,-1,-1;multi_purp "multi_purp" true true false 19 Double 17 18,First,#,C:\OpenCalgary_project\OpenCalgary_points\Recreation_Facilities_shapefiles.shp,multi_purp,-1,-1;meet_rooms "meet_rooms" true true false 19 Double 17 18,First,#,C:\OpenCalgary_project\OpenCalgary_points\Recreation_Facilities_shapefiles.shp,meet_rooms,-1,-1;indr_pool "indr_pool" true true false 254 Text 0 0,First,#,C:\OpenCalgary_project\OpenCalgary_points\Recreation_Facilities_shapefiles.shp,indr_pool,0,254;outdr_pool "outdr_pool" true true false 254 Text 0 0,First,#,C:\OpenCalgary_project\OpenCalgary_points\Recreation_Facilities_shapefiles.shp,outdr_pool,0,254;fw_25m "fw_25m" true true false 19 Double 17 18,First,#,C:\OpenCalgary_project\OpenCalgary_points\Recreation_Facilities_shapefiles.shp,fw_25m,-1,-1;fw_50m "fw_50m" true true false 19 Double 17 18,First,#,C:\OpenCalgary_project\OpenCalgary_points\Recreation_Facilities_shapefiles.shp,fw_50m,-1,-1;fw_18m "fw_18m" true true false 19 Double 17 18,First,#,C:\OpenCalgary_project\OpenCalgary_points\Recreation_Facilities_shapefiles.shp,fw_18m,-1,-1;lanes_pool "lanes_pool" true true false 19 Double 17 18,First,#,C:\OpenCalgary_project\OpenCalgary_points\Recreation_Facilities_shapefiles.shp,lanes_pool,-1,-1;teach_pool "teach_pool" true true false 254 Text 0 0,First,#,C:\OpenCalgary_project\OpenCalgary_points\Recreation_Facilities_shapefiles.shp,teach_pool,0,254;wave_pool "wave_pool" true true false 254 Text 0 0,First,#,C:\OpenCalgary_project\OpenCalgary_points\Recreation_Facilities_shapefiles.shp,wave_pool,0,254;other_pool "other_pool" true true false 254 Text 0 0,First,#,C:\OpenCalgary_project\OpenCalgary_points\Recreation_Facilities_shapefiles.shp,other_pool,0,254;indr_wad_p "indr_wad_p" true true false 254 Text 0 0,First,#,C:\OpenCalgary_project\OpenCalgary_points\Recreation_Facilities_shapefiles.shp,indr_wad_p,0,254;diving_tan "diving_tan" true true false 254 Text 0 0,First,#,C:\OpenCalgary_project\OpenCalgary_points\Recreation_Facilities_shapefiles.shp,diving_tan,0,254;springboar "springboar" true true false 254 Text 0 0,First,#,C:\OpenCalgary_project\OpenCalgary_points\Recreation_Facilities_shapefiles.shp,springboar,0,254;platform "platform" true true false 254 Text 0 0,First,#,C:\OpenCalgary_project\OpenCalgary_points\Recreation_Facilities_shapefiles.shp,platform,0,254;dive_slide "dive_slide" true true false 19 Double 17 18,First,#,C:\OpenCalgary_project\OpenCalgary_points\Recreation_Facilities_shapefiles.shp,dive_slide,-1,-1;play_slide "play_slide" true true false 19 Double 17 18,First,#,C:\OpenCalgary_project\OpenCalgary_points\Recreation_Facilities_shapefiles.shp,play_slide,-1,-1;rope_swing "rope_swing" true true false 254 Text 0 0,First,#,C:\OpenCalgary_project\OpenCalgary_points\Recreation_Facilities_shapefiles.shp,rope_swing,0,254;steam "steam" true true false 254 Text 0 0,First,#,C:\OpenCalgary_project\OpenCalgary_points\Recreation_Facilities_shapefiles.shp,steam,0,254;hot_tub "hot_tub" true true false 254 Text 0 0,First,#,C:\OpenCalgary_project\OpenCalgary_points\Recreation_Facilities_shapefiles.shp,hot_tub,0,254;sauna "sauna" true true false 254 Text 0 0,First,#,C:\OpenCalgary_project\OpenCalgary_points\Recreation_Facilities_shapefiles.shp,sauna,0,254;climb_wall "climb_wall" true true false 254 Text 0 0,First,#,C:\OpenCalgary_project\OpenCalgary_points\Recreation_Facilities_shapefiles.shp,climb_wall,0,254;track_indr "track_indr" true true false 254 Text 0 0,First,#,C:\OpenCalgary_project\OpenCalgary_points\Recreation_Facilities_shapefiles.shp,track_indr,0,254;outdr_wad_ "outdr_wad_" true true false 254 Text 0 0,First,#,C:\OpenCalgary_project\OpenCalgary_points\Recreation_Facilities_shapefiles.shp,outdr_wad_,0,254;spray_park "spray_park" true true false 254 Text 0 0,First,#,C:\OpenCalgary_project\OpenCalgary_points\Recreation_Facilities_shapefiles.shp,spray_park,0,254;ice_indr "ice_indr" true true false 254 Text 0 0,First,#,C:\OpenCalgary_project\OpenCalgary_points\Recreation_Facilities_shapefiles.shp,ice_indr,0,254;stand_ice "stand_ice" true true false 19 Double 17 18,First,#,C:\OpenCalgary_project\OpenCalgary_points\Recreation_Facilities_shapefiles.shp,stand_ice,-1,-1;nhl_ice "nhl_ice" true true false 19 Double 17 18,First,#,C:\OpenCalgary_project\OpenCalgary_points\Recreation_Facilities_shapefiles.shp,nhl_ice,-1,-1;olymp_ice "olymp_ice" true true false 19 Double 17 18,First,#,C:\OpenCalgary_project\OpenCalgary_points\Recreation_Facilities_shapefiles.shp,olymp_ice,-1,-1;fig_skatin "fig_skatin" true true false 254 Text 0 0,First,#,C:\OpenCalgary_project\OpenCalgary_points\Recreation_Facilities_shapefiles.shp,fig_skatin,0,254;curl_rnk "curl_rnk" true true false 254 Text 0 0,First,#,C:\OpenCalgary_project\OpenCalgary_points\Recreation_Facilities_shapefiles.shp,curl_rnk,0,254;curl_sheet "curl_sheet" true true false 19 Double 17 18,First,#,C:\OpenCalgary_project\OpenCalgary_points\Recreation_Facilities_shapefiles.shp,curl_sheet,-1,-1;indr_surfa "indr_surfa" true true false 254 Text 0 0,First,#,C:\OpenCalgary_project\OpenCalgary_points\Recreation_Facilities_shapefiles.shp,indr_surfa,0,254;indr_turf "indr_turf" true true false 19 Double 17 18,First,#,C:\OpenCalgary_project\OpenCalgary_points\Recreation_Facilities_shapefiles.shp,indr_turf,-1,-1;dry_pad "dry_pad" true true false 19 Double 17 18,First,#,C:\OpenCalgary_project\OpenCalgary_points\Recreation_Facilities_shapefiles.shp,dry_pad,-1,-1;racqfac_in "racqfac_in" true true false 254 Text 0 0,First,#,C:\OpenCalgary_project\OpenCalgary_points\Recreation_Facilities_shapefiles.shp,racqfac_in,0,254;squash_crt "squash_crt" true true false 19 Double 17 18,First,#,C:\OpenCalgary_project\OpenCalgary_points\Recreation_Facilities_shapefiles.shp,squash_crt,-1,-1;raqball_cr "raqball_cr" true true false 19 Double 17 18,First,#,C:\OpenCalgary_project\OpenCalgary_points\Recreation_Facilities_shapefiles.shp,raqball_cr,-1,-1;badmint_cr "badmint_cr" true true false 19 Double 17 18,First,#,C:\OpenCalgary_project\OpenCalgary_points\Recreation_Facilities_shapefiles.shp,badmint_cr,-1,-1;tennis_crt "tennis_crt" true true false 19 Double 17 18,First,#,C:\OpenCalgary_project\OpenCalgary_points\Recreation_Facilities_shapefiles.shp,tennis_crt,-1,-1;outdr_fiel "outdr_fiel" true true false 254 Text 0 0,First,#,C:\OpenCalgary_project\OpenCalgary_points\Recreation_Facilities_shapefiles.shp,outdr_fiel,0,254;artf_turf_ "artf_turf_" true true false 19 Double 17 18,First,#,C:\OpenCalgary_project\OpenCalgary_points\Recreation_Facilities_shapefiles.shp,artf_turf_,-1,-1;diam_fac_o "diam_fac_o" true true false 254 Text 0 0,First,#,C:\OpenCalgary_project\OpenCalgary_points\Recreation_Facilities_shapefiles.shp,diam_fac_o,0,254;track_outd "track_outd" true true false 254 Text 0 0,First,#,C:\OpenCalgary_project\OpenCalgary_points\Recreation_Facilities_shapefiles.shp,track_outd,0,254;public_glf "public_glf" true true false 254 Text 0 0,First,#,C:\OpenCalgary_project\OpenCalgary_points\Recreation_Facilities_shapefiles.shp,public_glf,0,254;semi_priv_ "semi_priv_" true true false 254 Text 0 0,First,#,C:\OpenCalgary_project\OpenCalgary_points\Recreation_Facilities_shapefiles.shp,semi_priv_,0,254;hole_18 "hole_18" true true false 254 Text 0 0,First,#,C:\OpenCalgary_project\OpenCalgary_points\Recreation_Facilities_shapefiles.shp,hole_18,0,254;hole_9 "hole_9" true true false 254 Text 0 0,First,#,C:\OpenCalgary_project\OpenCalgary_points\Recreation_Facilities_shapefiles.shp,hole_9,0,254;driverang_ "driverang_" true true false 254 Text 0 0,First,#,C:\OpenCalgary_project\OpenCalgary_points\Recreation_Facilities_shapefiles.shp,driverang_,0,254;driveran_2 "driveran_2" true true false 254 Text 0 0,First,#,C:\OpenCalgary_project\OpenCalgary_points\Recreation_Facilities_shapefiles.shp,driveran_2,0,254;ski_nordic "ski_nordic" true true false 254 Text 0 0,First,#,C:\OpenCalgary_project\OpenCalgary_points\Recreation_Facilities_shapefiles.shp,ski_nordic,0,254;municpal_o "municpal_o" true true false 254 Text 0 0,First,#,C:\OpenCalgary_project\OpenCalgary_points\Recreation_Facilities_shapefiles.shp,municpal_o,0,254;notprofit_ "notprofit_" true true false 254 Text 0 0,First,#,C:\OpenCalgary_project\OpenCalgary_points\Recreation_Facilities_shapefiles.shp,notprofit_,0,254;profit_op "profit_op" true true false 254 Text 0 0,First,#,C:\OpenCalgary_project\OpenCalgary_points\Recreation_Facilities_shapefiles.shp,profit_op,0,254;private_op "private_op" true true false 254 Text 0 0,First,#,C:\OpenCalgary_project\OpenCalgary_points\Recreation_Facilities_shapefiles.shp,private_op,0,254;longitude "longitude" true true false 254 Text 0 0,First,#,C:\OpenCalgary_project\OpenCalgary_points\Recreation_Facilities_shapefiles.shp,longitude,0,254;latitude "latitude" true true false 254 Text 0 0,First,#,C:\OpenCalgary_project\OpenCalgary_points\Recreation_Facilities_shapefiles.shp,latitude,0,254;location_a "location_a" true true false 254 Text 0 0,First,#,C:\OpenCalgary_project\OpenCalgary_points\Recreation_Facilities_shapefiles.shp,location_a,0,254;location_c "location_c" true true false 254 Text 0 0,First,#,C:\OpenCalgary_project\OpenCalgary_points\Recreation_Facilities_shapefiles.shp,location_c,0,254;location_s "location_s" true true false 254 Text 0 0,First,#,C:\OpenCalgary_project\OpenCalgary_points\Recreation_Facilities_shapefiles.shp,location_s,0,254;location_z "location_z" true true false 254 Text 0 0,First,#,C:\OpenCalgary_project\OpenCalgary_points\Recreation_Facilities_shapefiles.shp,location_z,0,254;F_computed "F_computed" true true false 19 Double 17 18,First,#,C:\OpenCalgary_project\OpenCalgary_points\Recreation_Facilities_shapefiles.shp,F_computed,-1,-1;F_compute_ "F_compute_" true true false 19 Double 17 18,First,#,C:\OpenCalgary_project\OpenCalgary_points\Recreation_Facilities_shapefiles.shp,F_compute_,-1,-1" "Completely contains" # #</Process></lineage><itemProps><itemLocation><linkage Sync="TRUE">file://\\AGAR\C$\OpenCalgary_project\Tessellation_points\TS_Recreation_Facilities_shapefiles.shp</linkage><protocol Sync="TRUE">Local Area Network</protocol></itemLocation><itemName Sync="TRUE">TS_Recreation_Facilities_shapefiles</itemName><imsContentType Sync="TRUE">002</imsContentType><itemSize Sync="TRUE">0.000</itemSize></itemProps><coordRef><type Sync="TRUE">Projected</type><geogcsn Sync="TRUE">GCS_North_American_1983</geogcsn><csUnits Sync="TRUE">Linear Unit: Meter (1.000000)</csUnits><projcsn Sync="TRUE">NAD_1983_3TM_114</projcsn><peXml Sync="TRUE">&lt;ProjectedCoordinateSystem xsi:type='typens:ProjectedCoordinateSystem' xmlns:xsi='http://www.w3.org/2001/XMLSchema-instance' xmlns:xs='http://www.w3.org/2001/XMLSchema' xmlns:typens='http://www.esri.com/schemas/ArcGIS/2.7.0'&gt;&lt;WKT&gt;PROJCS[&amp;quot;NAD_1983_3TM_114&amp;quot;,GEOGCS[&amp;quot;GCS_North_American_1983&amp;quot;,DATUM[&amp;quot;D_North_American_1983&amp;quot;,SPHEROID[&amp;quot;GRS_1980&amp;quot;,6378137.0,298.257222101]],PRIMEM[&amp;quot;Greenwich&amp;quot;,0.0],UNIT[&amp;quot;Degree&amp;quot;,0.0174532925199433]],PROJECTION[&amp;quot;Transverse_Mercator&amp;quot;],PARAMETER[&amp;quot;False_Easting&amp;quot;,0.0],PARAMETER[&amp;quot;False_Northing&amp;quot;,0.0],PARAMETER[&amp;quot;Central_Meridian&amp;quot;,-114.0],PARAMETER[&amp;quot;Scale_Factor&amp;quot;,0.9999],PARAMETER[&amp;quot;Latitude_Of_Origin&amp;quot;,0.0],UNIT[&amp;quot;Meter&amp;quot;,1.0],AUTHORITY[&amp;quot;EPSG&amp;quot;,3776]]&lt;/WKT&gt;&lt;XOrigin&gt;-5622600&lt;/XOrigin&gt;&lt;YOrigin&gt;-10001100&lt;/YOrigin&gt;&lt;XYScale&gt;450310428.58990461&lt;/XYScale&gt;&lt;ZOrigin&gt;-100000&lt;/ZOrigin&gt;&lt;ZScale&gt;10000&lt;/ZScale&gt;&lt;MOrigin&gt;-100000&lt;/MOrigin&gt;&lt;MScale&gt;10000&lt;/MScale&gt;&lt;XYTolerance&gt;0.001&lt;/XYTolerance&gt;&lt;ZTolerance&gt;0.001&lt;/ZTolerance&gt;&lt;MTolerance&gt;0.001&lt;/MTolerance&gt;&lt;HighPrecision&gt;true&lt;/HighPrecision&gt;&lt;WKID&gt;102187&lt;/WKID&gt;&lt;LatestWKID&gt;3776&lt;/LatestWKID&gt;&lt;/ProjectedCoordinateSystem&gt;</peXml></coordRef></DataProperties><SyncDate>20210103</SyncDate><SyncTime>20404900</SyncTime><ModDate>20210103</ModDate><ModTime>20404900</ModTime></Esri><dataIdInfo><envirDesc Sync="TRUE">Microsoft Windows 10 Version 10.0 (Build 18363) ; Esri ArcGIS 12.7.0.26828</envirDesc><dataLang><languageCode value="eng" Sync="TRUE"></languageCode><countryCode value="CAN" Sync="TRUE"></countryCode></dataLang><idCitation><resTitle Sync="TRUE">TS_Recreation_Facilities_shapefiles</resTitle><presForm><PresFormCd value="005" Sync="TRUE"></PresFormCd></presForm></idCitation><spatRpType><SpatRepTypCd value="001" Sync="TRUE"></SpatRepTypCd></spatRpType></dataIdInfo><mdLang><languageCode value="eng" Sync="TRUE"></languageCode><countryCode value="CAN" Sync="TRUE"></countryCode></mdLang><distInfo><distFormat><formatName Sync="TRUE">Shapefile</formatName></distFormat><distTranOps><transSize Sync="TRUE">0.000</transSize></distTranOps></distInfo><mdHrLv><ScopeCd value="005" Sync="TRUE"></ScopeCd></mdHrLv><mdHrLvName Sync="TRUE">dataset</mdHrLvName><refSysInfo><RefSystem><refSysID><identCode code="3776" Sync="TRUE"></identCode><idCodeSpace Sync="TRUE">EPSG</idCodeSpace><idVersion Sync="TRUE">6.16(10.0.0)</idVersion></refSysID></RefSystem></refSysInfo><spatRepInfo><VectSpatRep><geometObjs Name="TS_Recreation_Facilities_shapefiles"><geoObjTyp><GeoObjTypCd value="002" Sync="TRUE"></GeoObjTypCd></geoObjTyp><geoObjCnt Sync="TRUE">0</geoObjCnt></geometObjs><topLvl><TopoLevCd value="001" Sync="TRUE"></TopoLevCd></topLvl></VectSpatRep></spatRepInfo><spdoinfo><ptvctinf><esriterm Name="TS_Recreation_Facilities_shapefiles"><efeatyp Sync="TRUE">Simple</efeatyp><efeageom code="4" Sync="TRUE"></efeageom><esritopo Sync="TRUE">FALSE</esritopo><efeacnt Sync="TRUE">0</efeacnt><spindex Sync="TRUE">FALSE</spindex><linrefer Sync="TRUE">FALSE</linrefer></esriterm></ptvctinf></spdoinfo><eainfo><detailed Name="TS_Recreation_Facilities_shapefiles"><enttyp><enttypl Sync="TRUE">TS_Recreation_Facilities_shapefiles</enttypl><enttypt Sync="TRUE">Feature Class</enttypt><enttypc Sync="TRUE">0</enttypc></enttyp><attr><attrlabl Sync="TRUE">FID</attrlabl><attalias Sync="TRUE">FID</attalias><attrtype Sync="TRUE">OID</attrtype><attwidth Sync="TRUE">4</attwidth><atprecis Sync="TRUE">0</atprecis><attscale Sync="TRUE">0</attscale><attrdef Sync="TRUE">Internal feature number.</attrdef><attrdefs Sync="TRUE">Esri</attrdefs><attrdomv><udom Sync="TRUE">Sequential unique whole numbers that are automatically generated.</udom></attrdomv></attr><attr><attrlabl Sync="TRUE">Shape</attrlabl><attalias Sync="TRUE">Shape</attalias><attrtype Sync="TRUE">Geometry</attrtype><attwidth Sync="TRUE">0</attwidth><atprecis Sync="TRUE">0</atprecis><attscale Sync="TRUE">0</attscale><attrdef Sync="TRUE">Feature geometry.</attrdef><attrdefs Sync="TRUE">Esri</attrdefs><attrdomv><udom Sync="TRUE">Coordinates defining the features.</udom></attrdomv></attr><attr><attrlabl Sync="TRUE">Join_Count</attrlabl><attalias Sync="TRUE">Join_Count</attalias><attrtype Sync="TRUE">Integer</attrtype><attwidth Sync="TRUE">10</attwidth><atprecis Sync="TRUE">10</atprecis><attscale Sync="TRUE">0</attscale></attr><attr><attrlabl Sync="TRUE">TARGET_FID</attrlabl><attalias Sync="TRUE">TARGET_FID</attalias><attrtype Sync="TRUE">Integer</attrtype><attwidth Sync="TRUE">10</attwidth><atprecis Sync="TRUE">10</atprecis><attscale Sync="TRUE">0</attscale></attr><attr><attrlabl Sync="TRUE">GRID_ID</attrlabl><attalias Sync="TRUE">GRID_ID</attalias><attrtype Sync="TRUE">String</attrtype><attwidth Sync="TRUE">12</attwidth><atprecis Sync="TRUE">0</atprecis><attscale Sync="TRUE">0</attscale></attr><attr><attrlabl Sync="TRUE">Shape_Leng</attrlabl><attalias Sync="TRUE">Shape_Leng</attalias><attrtype Sync="TRUE">Double</attrtype><attwidth Sync="TRUE">19</attwidth><atprecis Sync="TRUE">0</atprecis><attscale Sync="TRUE">0</attscale></attr><attr><attrlabl Sync="TRUE">Shape_Area</attrlabl><attalias Sync="TRUE">Shape_Area</attalias><attrtype Sync="TRUE">Double</attrtype><attwidth Sync="TRUE">19</attwidth><atprecis Sync="TRUE">0</atprecis><attscale Sync="TRUE">0</attscale><attrdef Sync="TRUE">Area of feature in internal units squared.</attrdef><attrdefs Sync="TRUE">Esri</attrdefs><attrdomv><udom Sync="TRUE">Positive real numbers that are automatically generated.</udom></attrdomv></attr><attr><attrlabl Sync="TRUE">complex_na</attrlabl><attalias Sync="TRUE">complex_na</attalias><attrtype Sync="TRUE">String</attrtype><attwidth Sync="TRUE">254</attwidth><atprecis Sync="TRUE">0</atprecis><attscale Sync="TRUE">0</attscale></attr><attr><attrlabl Sync="TRUE">facility_t</attrlabl><attalias Sync="TRUE">facility_t</attalias><attrtype Sync="TRUE">String</attrtype><attwidth Sync="TRUE">254</attwidth><atprecis Sync="TRUE">0</atprecis><attscale Sync="TRUE">0</attscale></attr><attr><attrlabl Sync="TRUE">tier</attrlabl><attalias Sync="TRUE">tier</attalias><attrtype Sync="TRUE">Double</attrtype><attwidth Sync="TRUE">19</attwidth><atprecis Sync="TRUE">18</atprecis><attscale Sync="TRUE">17</attscale></attr><attr><attrlabl Sync="TRUE">address</attrlabl><attalias Sync="TRUE">address</attalias><attrtype Sync="TRUE">String</attrtype><attwidth Sync="TRUE">254</attwidth><atprecis Sync="TRUE">0</atprecis><attscale Sync="TRUE">0</attscale></attr><attr><attrlabl Sync="TRUE">org</attrlabl><attalias Sync="TRUE">org</attalias><attrtype Sync="TRUE">String</attrtype><attwidth Sync="TRUE">254</attwidth><atprecis Sync="TRUE">0</atprecis><attscale Sync="TRUE">0</attscale></attr><attr><attrlabl Sync="TRUE">typ_of_org</attrlabl><attalias Sync="TRUE">typ_of_org</attalias><attrtype Sync="TRUE">String</attrtype><attwidth Sync="TRUE">254</attwidth><atprecis Sync="TRUE">0</atprecis><attscale Sync="TRUE">0</attscale></attr><attr><attrlabl Sync="TRUE">steward</attrlabl><attalias Sync="TRUE">steward</attalias><attrtype Sync="TRUE">String</attrtype><attwidth Sync="TRUE">254</attwidth><atprecis Sync="TRUE">0</atprecis><attscale Sync="TRUE">0</attscale></attr><attr><attrlabl Sync="TRUE">oper</attrlabl><attalias Sync="TRUE">oper</attalias><attrtype Sync="TRUE">String</attrtype><attwidth Sync="TRUE">254</attwidth><atprecis Sync="TRUE">0</atprecis><attscale Sync="TRUE">0</attscale></attr><attr><attrlabl Sync="TRUE">label</attrlabl><attalias Sync="TRUE">label</attalias><attrtype Sync="TRUE">String</attrtype><attwidth Sync="TRUE">254</attwidth><atprecis Sync="TRUE">0</atprecis><attscale Sync="TRUE">0</attscale></attr><attr><attrlabl Sync="TRUE">website</attrlabl><attalias Sync="TRUE">website</attalias><attrtype Sync="TRUE">String</attrtype><attwidth Sync="TRUE">254</attwidth><atprecis Sync="TRUE">0</atprecis><attscale Sync="TRUE">0</attscale></attr><attr><attrlabl Sync="TRUE">phone</attrlabl><attalias Sync="TRUE">phone</attalias><attrtype Sync="TRUE">String</attrtype><attwidth Sync="TRUE">254</attwidth><atprecis Sync="TRUE">0</atprecis><attscale Sync="TRUE">0</attscale></attr><attr><attrlabl Sync="TRUE">notes</attrlabl><attalias Sync="TRUE">notes</attalias><attrtype Sync="TRUE">String</attrtype><attwidth Sync="TRUE">254</attwidth><atprecis Sync="TRUE">0</atprecis><attscale Sync="TRUE">0</attscale></attr><attr><attrlabl Sync="TRUE">gym</attrlabl><attalias Sync="TRUE">gym</attalias><attrtype Sync="TRUE">Double</attrtype><attwidth Sync="TRUE">19</attwidth><atprecis Sync="TRUE">18</atprecis><attscale Sync="TRUE">17</attscale></attr><attr><attrlabl Sync="TRUE">gymnast_fa</attrlabl><attalias Sync="TRUE">gymnast_fa</attalias><attrtype Sync="TRUE">String</attrtype><attwidth Sync="TRUE">254</attwidth><atprecis Sync="TRUE">0</atprecis><attscale Sync="TRUE">0</attscale></attr><attr><attrlabl Sync="TRUE">fitnss_wgh</attrlabl><attalias Sync="TRUE">fitnss_wgh</attalias><attrtype Sync="TRUE">String</attrtype><attwidth Sync="TRUE">254</attwidth><atprecis Sync="TRUE">0</atprecis><attscale Sync="TRUE">0</attscale></attr><attr><attrlabl Sync="TRUE">fit_studio</attrlabl><attalias Sync="TRUE">fit_studio</attalias><attrtype Sync="TRUE">Double</attrtype><attwidth Sync="TRUE">19</attwidth><atprecis Sync="TRUE">18</atprecis><attscale Sync="TRUE">17</attscale></attr><attr><attrlabl Sync="TRUE">multi_purp</attrlabl><attalias Sync="TRUE">multi_purp</attalias><attrtype Sync="TRUE">Double</attrtype><attwidth Sync="TRUE">19</attwidth><atprecis Sync="TRUE">18</atprecis><attscale Sync="TRUE">17</attscale></attr><attr><attrlabl Sync="TRUE">meet_rooms</attrlabl><attalias Sync="TRUE">meet_rooms</attalias><attrtype Sync="TRUE">Double</attrtype><attwidth Sync="TRUE">19</attwidth><atprecis Sync="TRUE">18</atprecis><attscale Sync="TRUE">17</attscale></attr><attr><attrlabl Sync="TRUE">indr_pool</attrlabl><attalias Sync="TRUE">indr_pool</attalias><attrtype Sync="TRUE">String</attrtype><attwidth Sync="TRUE">254</attwidth><atprecis Sync="TRUE">0</atprecis><attscale Sync="TRUE">0</attscale></attr><attr><attrlabl Sync="TRUE">outdr_pool</attrlabl><attalias Sync="TRUE">outdr_pool</attalias><attrtype Sync="TRUE">String</attrtype><attwidth Sync="TRUE">254</attwidth><atprecis Sync="TRUE">0</atprecis><attscale Sync="TRUE">0</attscale></attr><attr><attrlabl Sync="TRUE">fw_25m</attrlabl><attalias Sync="TRUE">fw_25m</attalias><attrtype Sync="TRUE">Double</attrtype><attwidth Sync="TRUE">19</attwidth><atprecis Sync="TRUE">18</atprecis><attscale Sync="TRUE">17</attscale></attr><attr><attrlabl Sync="TRUE">fw_50m</attrlabl><attalias Sync="TRUE">fw_50m</attalias><attrtype Sync="TRUE">Double</attrtype><attwidth Sync="TRUE">19</attwidth><atprecis Sync="TRUE">18</atprecis><attscale Sync="TRUE">17</attscale></attr><attr><attrlabl Sync="TRUE">fw_18m</attrlabl><attalias Sync="TRUE">fw_18m</attalias><attrtype Sync="TRUE">Double</attrtype><attwidth Sync="TRUE">19</attwidth><atprecis Sync="TRUE">18</atprecis><attscale Sync="TRUE">17</attscale></attr><attr><attrlabl Sync="TRUE">lanes_pool</attrlabl><attalias Sync="TRUE">lanes_pool</attalias><attrtype Sync="TRUE">Double</attrtype><attwidth Sync="TRUE">19</attwidth><atprecis Sync="TRUE">18</atprecis><attscale Sync="TRUE">17</attscale></attr><attr><attrlabl Sync="TRUE">teach_pool</attrlabl><attalias Sync="TRUE">teach_pool</attalias><attrtype Sync="TRUE">String</attrtype><attwidth Sync="TRUE">254</attwidth><atprecis Sync="TRUE">0</atprecis><attscale Sync="TRUE">0</attscale></attr><attr><attrlabl Sync="TRUE">wave_pool</attrlabl><attalias Sync="TRUE">wave_pool</attalias><attrtype Sync="TRUE">String</attrtype><attwidth Sync="TRUE">254</attwidth><atprecis Sync="TRUE">0</atprecis><attscale Sync="TRUE">0</attscale></attr><attr><attrlabl Sync="TRUE">other_pool</attrlabl><attalias Sync="TRUE">other_pool</attalias><attrtype Sync="TRUE">String</attrtype><attwidth Sync="TRUE">254</attwidth><atprecis Sync="TRUE">0</atprecis><attscale Sync="TRUE">0</attscale></attr><attr><attrlabl Sync="TRUE">indr_wad_p</attrlabl><attalias Sync="TRUE">indr_wad_p</attalias><attrtype Sync="TRUE">String</attrtype><attwidth Sync="TRUE">254</attwidth><atprecis Sync="TRUE">0</atprecis><attscale Sync="TRUE">0</attscale></attr><attr><attrlabl Sync="TRUE">diving_tan</attrlabl><attalias Sync="TRUE">diving_tan</attalias><attrtype Sync="TRUE">String</attrtype><attwidth Sync="TRUE">254</attwidth><atprecis Sync="TRUE">0</atprecis><attscale Sync="TRUE">0</attscale></attr><attr><attrlabl Sync="TRUE">springboar</attrlabl><attalias Sync="TRUE">springboar</attalias><attrtype Sync="TRUE">String</attrtype><attwidth Sync="TRUE">254</attwidth><atprecis Sync="TRUE">0</atprecis><attscale Sync="TRUE">0</attscale></attr><attr><attrlabl Sync="TRUE">platform</attrlabl><attalias Sync="TRUE">platform</attalias><attrtype Sync="TRUE">String</attrtype><attwidth Sync="TRUE">254</attwidth><atprecis Sync="TRUE">0</atprecis><attscale Sync="TRUE">0</attscale></attr><attr><attrlabl Sync="TRUE">dive_slide</attrlabl><attalias Sync="TRUE">dive_slide</attalias><attrtype Sync="TRUE">Double</attrtype><attwidth Sync="TRUE">19</attwidth><atprecis Sync="TRUE">18</atprecis><attscale Sync="TRUE">17</attscale></attr><attr><attrlabl Sync="TRUE">play_slide</attrlabl><attalias Sync="TRUE">play_slide</attalias><attrtype Sync="TRUE">Double</attrtype><attwidth Sync="TRUE">19</attwidth><atprecis Sync="TRUE">18</atprecis><attscale Sync="TRUE">17</attscale></attr><attr><attrlabl Sync="TRUE">rope_swing</attrlabl><attalias Sync="TRUE">rope_swing</attalias><attrtype Sync="TRUE">String</attrtype><attwidth Sync="TRUE">254</attwidth><atprecis Sync="TRUE">0</atprecis><attscale Sync="TRUE">0</attscale></attr><attr><attrlabl Sync="TRUE">steam</attrlabl><attalias Sync="TRUE">steam</attalias><attrtype Sync="TRUE">String</attrtype><attwidth Sync="TRUE">254</attwidth><atprecis Sync="TRUE">0</atprecis><attscale Sync="TRUE">0</attscale></attr><attr><attrlabl Sync="TRUE">hot_tub</attrlabl><attalias Sync="TRUE">hot_tub</attalias><attrtype Sync="TRUE">String</attrtype><attwidth Sync="TRUE">254</attwidth><atprecis Sync="TRUE">0</atprecis><attscale Sync="TRUE">0</attscale></attr><attr><attrlabl Sync="TRUE">sauna</attrlabl><attalias Sync="TRUE">sauna</attalias><attrtype Sync="TRUE">String</attrtype><attwidth Sync="TRUE">254</attwidth><atprecis Sync="TRUE">0</atprecis><attscale Sync="TRUE">0</attscale></attr><attr><attrlabl Sync="TRUE">climb_wall</attrlabl><attalias Sync="TRUE">climb_wall</attalias><attrtype Sync="TRUE">String</attrtype><attwidth Sync="TRUE">254</attwidth><atprecis Sync="TRUE">0</atprecis><attscale Sync="TRUE">0</attscale></attr><attr><attrlabl Sync="TRUE">track_indr</attrlabl><attalias Sync="TRUE">track_indr</attalias><attrtype Sync="TRUE">String</attrtype><attwidth Sync="TRUE">254</attwidth><atprecis Sync="TRUE">0</atprecis><attscale Sync="TRUE">0</attscale></attr><attr><attrlabl Sync="TRUE">outdr_wad_</attrlabl><attalias Sync="TRUE">outdr_wad_</attalias><attrtype Sync="TRUE">String</attrtype><attwidth Sync="TRUE">254</attwidth><atprecis Sync="TRUE">0</atprecis><attscale Sync="TRUE">0</attscale></attr><attr><attrlabl Sync="TRUE">spray_park</attrlabl><attalias Sync="TRUE">spray_park</attalias><attrtype Sync="TRUE">String</attrtype><attwidth Sync="TRUE">254</attwidth><atprecis Sync="TRUE">0</atprecis><attscale Sync="TRUE">0</attscale></attr><attr><attrlabl Sync="TRUE">ice_indr</attrlabl><attalias Sync="TRUE">ice_indr</attalias><attrtype Sync="TRUE">String</attrtype><attwidth Sync="TRUE">254</attwidth><atprecis Sync="TRUE">0</atprecis><attscale Sync="TRUE">0</attscale></attr><attr><attrlabl Sync="TRUE">stand_ice</attrlabl><attalias Sync="TRUE">stand_ice</attalias><attrtype Sync="TRUE">Double</attrtype><attwidth Sync="TRUE">19</attwidth><atprecis Sync="TRUE">18</atprecis><attscale Sync="TRUE">17</attscale></attr><attr><attrlabl Sync="TRUE">nhl_ice</attrlabl><attalias Sync="TRUE">nhl_ice</attalias><attrtype Sync="TRUE">Double</attrtype><attwidth Sync="TRUE">19</attwidth><atprecis Sync="TRUE">18</atprecis><attscale Sync="TRUE">17</attscale></attr><attr><attrlabl Sync="TRUE">olymp_ice</attrlabl><attalias Sync="TRUE">olymp_ice</attalias><attrtype Sync="TRUE">Double</attrtype><attwidth Sync="TRUE">19</attwidth><atprecis Sync="TRUE">18</atprecis><attscale Sync="TRUE">17</attscale></attr><attr><attrlabl Sync="TRUE">fig_skatin</attrlabl><attalias Sync="TRUE">fig_skatin</attalias><attrtype Sync="TRUE">String</attrtype><attwidth Sync="TRUE">254</attwidth><atprecis Sync="TRUE">0</atprecis><attscale Sync="TRUE">0</attscale></attr><attr><attrlabl Sync="TRUE">curl_rnk</attrlabl><attalias Sync="TRUE">curl_rnk</attalias><attrtype Sync="TRUE">String</attrtype><attwidth Sync="TRUE">254</attwidth><atprecis Sync="TRUE">0</atprecis><attscale Sync="TRUE">0</attscale></attr><attr><attrlabl Sync="TRUE">curl_sheet</attrlabl><attalias Sync="TRUE">curl_sheet</attalias><attrtype Sync="TRUE">Double</attrtype><attwidth Sync="TRUE">19</attwidth><atprecis Sync="TRUE">18</atprecis><attscale Sync="TRUE">17</attscale></attr><attr><attrlabl Sync="TRUE">indr_surfa</attrlabl><attalias Sync="TRUE">indr_surfa</attalias><attrtype Sync="TRUE">String</attrtype><attwidth Sync="TRUE">254</attwidth><atprecis Sync="TRUE">0</atprecis><attscale Sync="TRUE">0</attscale></attr><attr><attrlabl Sync="TRUE">indr_turf</attrlabl><attalias Sync="TRUE">indr_turf</attalias><attrtype Sync="TRUE">Double</attrtype><attwidth Sync="TRUE">19</attwidth><atprecis Sync="TRUE">18</atprecis><attscale Sync="TRUE">17</attscale></attr><attr><attrlabl Sync="TRUE">dry_pad</attrlabl><attalias Sync="TRUE">dry_pad</attalias><attrtype Sync="TRUE">Double</attrtype><attwidth Sync="TRUE">19</attwidth><atprecis Sync="TRUE">18</atprecis><attscale Sync="TRUE">17</attscale></attr><attr><attrlabl Sync="TRUE">racqfac_in</attrlabl><attalias Sync="TRUE">racqfac_in</attalias><attrtype Sync="TRUE">String</attrtype><attwidth Sync="TRUE">254</attwidth><atprecis Sync="TRUE">0</atprecis><attscale Sync="TRUE">0</attscale></attr><attr><attrlabl Sync="TRUE">squash_crt</attrlabl><attalias Sync="TRUE">squash_crt</attalias><attrtype Sync="TRUE">Double</attrtype><attwidth Sync="TRUE">19</attwidth><atprecis Sync="TRUE">18</atprecis><attscale Sync="TRUE">17</attscale></attr><attr><attrlabl Sync="TRUE">raqball_cr</attrlabl><attalias Sync="TRUE">raqball_cr</attalias><attrtype Sync="TRUE">Double</attrtype><attwidth Sync="TRUE">19</attwidth><atprecis Sync="TRUE">18</atprecis><attscale Sync="TRUE">17</attscale></attr><attr><attrlabl Sync="TRUE">badmint_cr</attrlabl><attalias Sync="TRUE">badmint_cr</attalias><attrtype Sync="TRUE">Double</attrtype><attwidth Sync="TRUE">19</attwidth><atprecis Sync="TRUE">18</atprecis><attscale Sync="TRUE">17</attscale></attr><attr><attrlabl Sync="TRUE">tennis_crt</attrlabl><attalias Sync="TRUE">tennis_crt</attalias><attrtype Sync="TRUE">Double</attrtype><attwidth Sync="TRUE">19</attwidth><atprecis Sync="TRUE">18</atprecis><attscale Sync="TRUE">17</attscale></attr><attr><attrlabl Sync="TRUE">outdr_fiel</attrlabl><attalias Sync="TRUE">outdr_fiel</attalias><attrtype Sync="TRUE">String</attrtype><attwidth Sync="TRUE">254</attwidth><atprecis Sync="TRUE">0</atprecis><attscale Sync="TRUE">0</attscale></attr><attr><attrlabl Sync="TRUE">artf_turf_</attrlabl><attalias Sync="TRUE">artf_turf_</attalias><attrtype Sync="TRUE">Double</attrtype><attwidth Sync="TRUE">19</attwidth><atprecis Sync="TRUE">18</atprecis><attscale Sync="TRUE">17</attscale></attr><attr><attrlabl Sync="TRUE">diam_fac_o</attrlabl><attalias Sync="TRUE">diam_fac_o</attalias><attrtype Sync="TRUE">String</attrtype><attwidth Sync="TRUE">254</attwidth><atprecis Sync="TRUE">0</atprecis><attscale Sync="TRUE">0</attscale></attr><attr><attrlabl Sync="TRUE">track_outd</attrlabl><attalias Sync="TRUE">track_outd</attalias><attrtype Sync="TRUE">String</attrtype><attwidth Sync="TRUE">254</attwidth><atprecis Sync="TRUE">0</atprecis><attscale Sync="TRUE">0</attscale></attr><attr><attrlabl Sync="TRUE">public_glf</attrlabl><attalias Sync="TRUE">public_glf</attalias><attrtype Sync="TRUE">String</attrtype><attwidth Sync="TRUE">254</attwidth><atprecis Sync="TRUE">0</atprecis><attscale Sync="TRUE">0</attscale></attr><attr><attrlabl Sync="TRUE">semi_priv_</attrlabl><attalias Sync="TRUE">semi_priv_</attalias><attrtype Sync="TRUE">String</attrtype><attwidth Sync="TRUE">254</attwidth><atprecis Sync="TRUE">0</atprecis><attscale Sync="TRUE">0</attscale></attr><attr><attrlabl Sync="TRUE">hole_18</attrlabl><attalias Sync="TRUE">hole_18</attalias><attrtype Sync="TRUE">String</attrtype><attwidth Sync="TRUE">254</attwidth><atprecis Sync="TRUE">0</atprecis><attscale Sync="TRUE">0</attscale></attr><attr><attrlabl Sync="TRUE">hole_9</attrlabl><attalias Sync="TRUE">hole_9</attalias><attrtype Sync="TRUE">String</attrtype><attwidth Sync="TRUE">254</attwidth><atprecis Sync="TRUE">0</atprecis><attscale Sync="TRUE">0</attscale></attr><attr><attrlabl Sync="TRUE">driverang_</attrlabl><attalias Sync="TRUE">driverang_</attalias><attrtype Sync="TRUE">String</attrtype><attwidth Sync="TRUE">254</attwidth><atprecis Sync="TRUE">0</atprecis><attscale Sync="TRUE">0</attscale></attr><attr><attrlabl Sync="TRUE">driveran_2</attrlabl><attalias Sync="TRUE">driveran_2</attalias><attrtype Sync="TRUE">String</attrtype><attwidth Sync="TRUE">254</attwidth><atprecis Sync="TRUE">0</atprecis><attscale Sync="TRUE">0</attscale></attr><attr><attrlabl Sync="TRUE">ski_nordic</attrlabl><attalias Sync="TRUE">ski_nordic</attalias><attrtype Sync="TRUE">String</attrtype><attwidth Sync="TRUE">254</attwidth><atprecis Sync="TRUE">0</atprecis><attscale Sync="TRUE">0</attscale></attr><attr><attrlabl Sync="TRUE">municpal_o</attrlabl><attalias Sync="TRUE">municpal_o</attalias><attrtype Sync="TRUE">String</attrtype><attwidth Sync="TRUE">254</attwidth><atprecis Sync="TRUE">0</atprecis><attscale Sync="TRUE">0</attscale></attr><attr><attrlabl Sync="TRUE">notprofit_</attrlabl><attalias Sync="TRUE">notprofit_</attalias><attrtype Sync="TRUE">String</attrtype><attwidth Sync="TRUE">254</attwidth><atprecis Sync="TRUE">0</atprecis><attscale Sync="TRUE">0</attscale></attr><attr><attrlabl Sync="TRUE">profit_op</attrlabl><attalias Sync="TRUE">profit_op</attalias><attrtype Sync="TRUE">String</attrtype><attwidth Sync="TRUE">254</attwidth><atprecis Sync="TRUE">0</atprecis><attscale Sync="TRUE">0</attscale></attr><attr><attrlabl Sync="TRUE">private_op</attrlabl><attalias Sync="TRUE">private_op</attalias><attrtype Sync="TRUE">String</attrtype><attwidth Sync="TRUE">254</attwidth><atprecis Sync="TRUE">0</atprecis><attscale Sync="TRUE">0</attscale></attr><attr><attrlabl Sync="TRUE">longitude</attrlabl><attalias Sync="TRUE">longitude</attalias><attrtype Sync="TRUE">String</attrtype><attwidth Sync="TRUE">254</attwidth><atprecis Sync="TRUE">0</atprecis><attscale Sync="TRUE">0</attscale></attr><attr><attrlabl Sync="TRUE">latitude</attrlabl><attalias Sync="TRUE">latitude</attalias><attrtype Sync="TRUE">String</attrtype><attwidth Sync="TRUE">254</attwidth><atprecis Sync="TRUE">0</atprecis><attscale Sync="TRUE">0</attscale></attr><attr><attrlabl Sync="TRUE">location_a</attrlabl><attalias Sync="TRUE">location_a</attalias><attrtype Sync="TRUE">String</attrtype><attwidth Sync="TRUE">254</attwidth><atprecis Sync="TRUE">0</atprecis><attscale Sync="TRUE">0</attscale></attr><attr><attrlabl Sync="TRUE">location_c</attrlabl><attalias Sync="TRUE">location_c</attalias><attrtype Sync="TRUE">String</attrtype><attwidth Sync="TRUE">254</attwidth><atprecis Sync="TRUE">0</atprecis><attscale Sync="TRUE">0</attscale></attr><attr><attrlabl Sync="TRUE">location_s</attrlabl><attalias Sync="TRUE">location_s</attalias><attrtype Sync="TRUE">String</attrtype><attwidth Sync="TRUE">254</attwidth><atprecis Sync="TRUE">0</atprecis><attscale Sync="TRUE">0</attscale></attr><attr><attrlabl Sync="TRUE">location_z</attrlabl><attalias Sync="TRUE">location_z</attalias><attrtype Sync="TRUE">String</attrtype><attwidth Sync="TRUE">254</attwidth><atprecis Sync="TRUE">0</atprecis><attscale Sync="TRUE">0</attscale></attr><attr><attrlabl Sync="TRUE">F_computed</attrlabl><attalias Sync="TRUE">F_computed</attalias><attrtype Sync="TRUE">Double</attrtype><attwidth Sync="TRUE">19</attwidth><atprecis Sync="TRUE">18</atprecis><attscale Sync="TRUE">17</attscale></attr><attr><attrlabl Sync="TRUE">F_compute_</attrlabl><attalias Sync="TRUE">F_compute_</attalias><attrtype Sync="TRUE">Double</attrtype><attwidth Sync="TRUE">19</attwidth><atprecis Sync="TRUE">18</atprecis><attscale Sync="TRUE">17</attscale></attr></detailed></eainfo><mdDateSt Sync="TRUE">20210103</mdDateSt></metadata>
