<metadata xml:lang="en"><Esri><CreaDate>20201226</CreaDate><CreaTime>18595100</CreaTime><ArcGISFormat>1.0</ArcGISFormat><SyncOnce>FALSE</SyncOnce><DataProperties><lineage><Process ToolSource="c:\program files\arcgis\pro\Resources\ArcToolbox\toolboxes\Data Management Tools.tbx\CreateFeatureclass" Date="20201226" Time="112914">CreateFeatureclass C:\OpenCalgary_project\Open_Calgary.gdb GenerateTessellation Polygon # No No "PROJCS['Calgary_3TM_WGS_1984_W114',GEOGCS['GCS_WGS_1984',DATUM['D_WGS_1984',SPHEROID['World_Geodetic_System_of_1984_GEM_10C',6378137.0,298.257223563]],PRIMEM['Greenwich',0.0],UNIT['Degree',0.0174532925199433]],PROJECTION['Transverse_Mercator'],PARAMETER['false_easting',0.0],PARAMETER['false_northing',0.0],PARAMETER['central_meridian',-114.0],PARAMETER['scale_factor',0.9999],PARAMETER['latitude_of_origin',0.0],UNIT['Meter',1.0]];-5622600 -10001100 10000;-100000 10000;-100000 10000;0.001;0.001;0.001;IsHighPrecision" # 0 0 0 #</Process><Process ToolSource="c:\program files\arcgis\pro\Resources\ArcToolbox\toolboxes\Data Management Tools.tbx\AddField" Date="20201226" Time="112914">AddField C:\OpenCalgary_project\Open_Calgary.gdb\GenerateTessellation GRID_ID Text # # 12 # NULLABLE NON_REQUIRED #</Process><Process ToolSource="c:\program files\arcgis\pro\Resources\ArcToolbox\toolboxes\Data Management Tools.tbx\GenerateTessellation" Date="20201226" Time="112915">GenerateTessellation C:\OpenCalgary_project\Open_Calgary.gdb\GenerateTessellation "-22099.2863999996 5634037.7804 9863.39690000005 5675150.5817" Hexagon "1 SquareKilometers" "PROJCS['Calgary_3TM_WGS_1984_W114',GEOGCS['GCS_WGS_1984',DATUM['D_WGS_1984',SPHEROID['World_Geodetic_System_of_1984_GEM_10C',6378137.0,298.257223563]],PRIMEM['Greenwich',0.0],UNIT['Degree',0.0174532925199433]],PROJECTION['Transverse_Mercator'],PARAMETER['false_easting',0.0],PARAMETER['false_northing',0.0],PARAMETER['central_meridian',-114.0],PARAMETER['scale_factor',0.9999],PARAMETER['latitude_of_origin',0.0],UNIT['Meter',1.0]];-5622600 -10001100 10000;-100000 10000;-100000 10000;0.001;0.001;0.001;IsHighPrecision"</Process><Process ToolSource="c:\program files\arcgis\pro\Resources\ArcToolbox\toolboxes\Data Management Tools.tbx\Project" Date="20201226" Time="185951">Project GenerateTessellation C:\OpenCalgary_project\Open_Calgary.gdb\GenerateTessellation_Project PROJCS['NAD_1983_3TM_114',GEOGCS['GCS_North_American_1983',DATUM['D_North_American_1983',SPHEROID['GRS_1980',6378137.0,298.257222101]],PRIMEM['Greenwich',0.0],UNIT['Degree',0.0174532925199433]],PROJECTION['Transverse_Mercator'],PARAMETER['False_Easting',0.0],PARAMETER['False_Northing',0.0],PARAMETER['Central_Meridian',-114.0],PARAMETER['Scale_Factor',0.9999],PARAMETER['Latitude_Of_Origin',0.0],UNIT['Meter',1.0]] # PROJCS['Calgary_3TM_WGS_1984_W114',GEOGCS['GCS_WGS_1984',DATUM['D_WGS_1984',SPHEROID['World_Geodetic_System_of_1984_GEM_10C',6378137.0,298.257223563]],PRIMEM['Greenwich',0.0],UNIT['Degree',0.0174532925199433]],PROJECTION['Transverse_Mercator'],PARAMETER['false_easting',0.0],PARAMETER['false_northing',0.0],PARAMETER['central_meridian',-114.0],PARAMETER['scale_factor',0.9999],PARAMETER['latitude_of_origin',0.0],UNIT['Meter',1.0]] NO_PRESERVE_SHAPE # NO_VERTICAL</Process><Process ToolSource="c:\program files\arcgis\pro\Resources\ArcToolbox\toolboxes\Conversion Tools.tbx\FeatureClassToFeatureClass" Date="20210102" Time="074751">FeatureClassToFeatureClass GenerateTessellation_Project C:\OpenCalgary_project\Pilot\Pilot_test.gdb Tessellation # "GRID_ID "GRID_ID" true true false 12 Text 0 0,First,#,GenerateTessellation_Project,GRID_ID,0,12;Shape_Length "Shape_Length" false true true 8 Double 0 0,First,#,GenerateTessellation_Project,Shape_Length,-1,-1;Shape_Area "Shape_Area" false true true 8 Double 0 0,First,#,GenerateTessellation_Project,Shape_Area,-1,-1" #</Process><Process ToolSource="c:\program files\arcgis\pro\Resources\ArcToolbox\toolboxes\Conversion Tools.tbx\FeatureClassToFeatureClass" Date="20210102" Time="075301">FeatureClassToFeatureClass Tessellation C:\OpenCalgary_project\Base_files Tessellation_1km.shp # "GRID_ID "GRID_ID" true true false 12 Text 0 0,First,#,Tessellation,GRID_ID,0,12;Shape_Length "Shape_Length" false true true 8 Double 0 0,First,#,Tessellation,Shape_Length,-1,-1;Shape_Area "Shape_Area" false true true 8 Double 0 0,First,#,Tessellation,Shape_Area,-1,-1" #</Process><Process ToolSource="c:\program files\arcgis\pro\Resources\ArcToolbox\toolboxes\Analysis Tools.tbx\SpatialJoin" Date="20210103" Time="204117">SpatialJoin C:\OpenCalgary_project\Base_files\Tessellation_1km.shp C:\OpenCalgary_project\OpenCalgary_points\Shared_Mobility_Pilot_Trips_shapefiles.shp C:\OpenCalgary_project\Tessellation_points\TS_Shared_Mobility_Pilot_Trips_shapefiles.shp "Join one to one" KEEP_ALL "GRID_ID "GRID_ID" true true false 12 Text 0 0,First,#,C:\OpenCalgary_project\Base_files\Tessellation_1km.shp,GRID_ID,0,12;Shape_Leng "Shape_Leng" true true false 19 Double 0 0,First,#,C:\OpenCalgary_project\Base_files\Tessellation_1km.shp,Shape_Leng,-1,-1;Shape_Area "Shape_Area" true true false 19 Double 0 0,First,#,C:\OpenCalgary_project\Base_files\Tessellation_1km.shp,Shape_Area,-1,-1;end_grid_c "end_grid_c" true true false 19 Double 17 18,First,#,C:\OpenCalgary_project\OpenCalgary_points\Shared_Mobility_Pilot_Trips_shapefiles.shp,end_grid_c,-1,-1;date_end_t "date_end_t" true true false 8 Date 0 0,First,#,C:\OpenCalgary_project\OpenCalgary_points\Shared_Mobility_Pilot_Trips_shapefiles.shp,date_end_t,-1,-1;time_end_t "time_end_t" true true false 254 Text 0 0,First,#,C:\OpenCalgary_project\OpenCalgary_points\Shared_Mobility_Pilot_Trips_shapefiles.shp,time_end_t,0,254;ending_gri "ending_gri" true true false 254 Text 0 0,First,#,C:\OpenCalgary_project\OpenCalgary_points\Shared_Mobility_Pilot_Trips_shapefiles.shp,ending_gri,0,254;endpoint "endpoint" true true false 254 Text 0 0,First,#,C:\OpenCalgary_project\OpenCalgary_points\Shared_Mobility_Pilot_Trips_shapefiles.shp,endpoint,0,254;endx "endx" true true false 19 Double 17 18,First,#,C:\OpenCalgary_project\OpenCalgary_points\Shared_Mobility_Pilot_Trips_shapefiles.shp,endx,-1,-1;endy "endy" true true false 19 Double 17 18,First,#,C:\OpenCalgary_project\OpenCalgary_points\Shared_Mobility_Pilot_Trips_shapefiles.shp,endy,-1,-1;date_start "date_start" true true false 8 Date 0 0,First,#,C:\OpenCalgary_project\OpenCalgary_points\Shared_Mobility_Pilot_Trips_shapefiles.shp,date_start,-1,-1;time_start "time_start" true true false 254 Text 0 0,First,#,C:\OpenCalgary_project\OpenCalgary_points\Shared_Mobility_Pilot_Trips_shapefiles.shp,time_start,0,254;start_day "start_day" true true false 254 Text 0 0,First,#,C:\OpenCalgary_project\OpenCalgary_points\Shared_Mobility_Pilot_Trips_shapefiles.shp,start_day,0,254;start_day_ "start_day_" true true false 254 Text 0 0,First,#,C:\OpenCalgary_project\OpenCalgary_points\Shared_Mobility_Pilot_Trips_shapefiles.shp,start_day_,0,254;start_grid "start_grid" true true false 19 Double 17 18,First,#,C:\OpenCalgary_project\OpenCalgary_points\Shared_Mobility_Pilot_Trips_shapefiles.shp,start_grid,-1,-1;start_hour "start_hour" true true false 19 Double 17 18,First,#,C:\OpenCalgary_project\OpenCalgary_points\Shared_Mobility_Pilot_Trips_shapefiles.shp,start_hour,-1,-1;date_sta_2 "date_sta_2" true true false 8 Date 0 0,First,#,C:\OpenCalgary_project\OpenCalgary_points\Shared_Mobility_Pilot_Trips_shapefiles.shp,date_sta_2,-1,-1;time_sta_2 "time_sta_2" true true false 254 Text 0 0,First,#,C:\OpenCalgary_project\OpenCalgary_points\Shared_Mobility_Pilot_Trips_shapefiles.shp,time_sta_2,0,254;starting_g "starting_g" true true false 254 Text 0 0,First,#,C:\OpenCalgary_project\OpenCalgary_points\Shared_Mobility_Pilot_Trips_shapefiles.shp,starting_g,0,254;startx "startx" true true false 19 Double 17 18,First,#,C:\OpenCalgary_project\OpenCalgary_points\Shared_Mobility_Pilot_Trips_shapefiles.shp,startx,-1,-1;starty "starty" true true false 19 Double 17 18,First,#,C:\OpenCalgary_project\OpenCalgary_points\Shared_Mobility_Pilot_Trips_shapefiles.shp,starty,-1,-1;trip_dista "trip_dista" true true false 19 Double 17 18,First,#,C:\OpenCalgary_project\OpenCalgary_points\Shared_Mobility_Pilot_Trips_shapefiles.shp,trip_dista,-1,-1;trip_durat "trip_durat" true true false 19 Double 17 18,First,#,C:\OpenCalgary_project\OpenCalgary_points\Shared_Mobility_Pilot_Trips_shapefiles.shp,trip_durat,-1,-1;vehicle_ty "vehicle_ty" true true false 254 Text 0 0,First,#,C:\OpenCalgary_project\OpenCalgary_points\Shared_Mobility_Pilot_Trips_shapefiles.shp,vehicle_ty,0,254" "Completely contains" # #</Process></lineage><itemProps><itemLocation><linkage Sync="TRUE">file://\\AGAR\C$\OpenCalgary_project\Tessellation_points\TS_Shared_Mobility_Pilot_Trips_shapefiles.shp</linkage><protocol Sync="TRUE">Local Area Network</protocol></itemLocation><itemName Sync="TRUE">TS_Shared_Mobility_Pilot_Trips_shapefiles</itemName><imsContentType Sync="TRUE">002</imsContentType><itemSize Sync="TRUE">0.000</itemSize></itemProps><coordRef><type Sync="TRUE">Projected</type><geogcsn Sync="TRUE">GCS_North_American_1983</geogcsn><csUnits Sync="TRUE">Linear Unit: Meter (1.000000)</csUnits><projcsn Sync="TRUE">NAD_1983_3TM_114</projcsn><peXml Sync="TRUE">&lt;ProjectedCoordinateSystem xsi:type='typens:ProjectedCoordinateSystem' xmlns:xsi='http://www.w3.org/2001/XMLSchema-instance' xmlns:xs='http://www.w3.org/2001/XMLSchema' xmlns:typens='http://www.esri.com/schemas/ArcGIS/2.7.0'&gt;&lt;WKT&gt;PROJCS[&amp;quot;NAD_1983_3TM_114&amp;quot;,GEOGCS[&amp;quot;GCS_North_American_1983&amp;quot;,DATUM[&amp;quot;D_North_American_1983&amp;quot;,SPHEROID[&amp;quot;GRS_1980&amp;quot;,6378137.0,298.257222101]],PRIMEM[&amp;quot;Greenwich&amp;quot;,0.0],UNIT[&amp;quot;Degree&amp;quot;,0.0174532925199433]],PROJECTION[&amp;quot;Transverse_Mercator&amp;quot;],PARAMETER[&amp;quot;False_Easting&amp;quot;,0.0],PARAMETER[&amp;quot;False_Northing&amp;quot;,0.0],PARAMETER[&amp;quot;Central_Meridian&amp;quot;,-114.0],PARAMETER[&amp;quot;Scale_Factor&amp;quot;,0.9999],PARAMETER[&amp;quot;Latitude_Of_Origin&amp;quot;,0.0],UNIT[&amp;quot;Meter&amp;quot;,1.0],AUTHORITY[&amp;quot;EPSG&amp;quot;,3776]]&lt;/WKT&gt;&lt;XOrigin&gt;-5622600&lt;/XOrigin&gt;&lt;YOrigin&gt;-10001100&lt;/YOrigin&gt;&lt;XYScale&gt;450310428.58990461&lt;/XYScale&gt;&lt;ZOrigin&gt;-100000&lt;/ZOrigin&gt;&lt;ZScale&gt;10000&lt;/ZScale&gt;&lt;MOrigin&gt;-100000&lt;/MOrigin&gt;&lt;MScale&gt;10000&lt;/MScale&gt;&lt;XYTolerance&gt;0.001&lt;/XYTolerance&gt;&lt;ZTolerance&gt;0.001&lt;/ZTolerance&gt;&lt;MTolerance&gt;0.001&lt;/MTolerance&gt;&lt;HighPrecision&gt;true&lt;/HighPrecision&gt;&lt;WKID&gt;102187&lt;/WKID&gt;&lt;LatestWKID&gt;3776&lt;/LatestWKID&gt;&lt;/ProjectedCoordinateSystem&gt;</peXml></coordRef></DataProperties><SyncDate>20210103</SyncDate><SyncTime>20410000</SyncTime><ModDate>20210103</ModDate><ModTime>20410000</ModTime></Esri><dataIdInfo><envirDesc Sync="TRUE">Microsoft Windows 10 Version 10.0 (Build 18363) ; Esri ArcGIS 12.7.0.26828</envirDesc><dataLang><languageCode value="eng" Sync="TRUE"></languageCode><countryCode value="CAN" Sync="TRUE"></countryCode></dataLang><idCitation><resTitle Sync="TRUE">TS_Shared_Mobility_Pilot_Trips_shapefiles</resTitle><presForm><PresFormCd value="005" Sync="TRUE"></PresFormCd></presForm></idCitation><spatRpType><SpatRepTypCd value="001" Sync="TRUE"></SpatRepTypCd></spatRpType></dataIdInfo><mdLang><languageCode value="eng" Sync="TRUE"></languageCode><countryCode value="CAN" Sync="TRUE"></countryCode></mdLang><distInfo><distFormat><formatName Sync="TRUE">Shapefile</formatName></distFormat><distTranOps><transSize Sync="TRUE">0.000</transSize></distTranOps></distInfo><mdHrLv><ScopeCd value="005" Sync="TRUE"></ScopeCd></mdHrLv><mdHrLvName Sync="TRUE">dataset</mdHrLvName><refSysInfo><RefSystem><refSysID><identCode code="3776" Sync="TRUE"></identCode><idCodeSpace Sync="TRUE">EPSG</idCodeSpace><idVersion Sync="TRUE">6.16(10.0.0)</idVersion></refSysID></RefSystem></refSysInfo><spatRepInfo><VectSpatRep><geometObjs Name="TS_Shared_Mobility_Pilot_Trips_shapefiles"><geoObjTyp><GeoObjTypCd value="002" Sync="TRUE"></GeoObjTypCd></geoObjTyp><geoObjCnt Sync="TRUE">0</geoObjCnt></geometObjs><topLvl><TopoLevCd value="001" Sync="TRUE"></TopoLevCd></topLvl></VectSpatRep></spatRepInfo><spdoinfo><ptvctinf><esriterm Name="TS_Shared_Mobility_Pilot_Trips_shapefiles"><efeatyp Sync="TRUE">Simple</efeatyp><efeageom code="4" Sync="TRUE"></efeageom><esritopo Sync="TRUE">FALSE</esritopo><efeacnt Sync="TRUE">0</efeacnt><spindex Sync="TRUE">FALSE</spindex><linrefer Sync="TRUE">FALSE</linrefer></esriterm></ptvctinf></spdoinfo><eainfo><detailed Name="TS_Shared_Mobility_Pilot_Trips_shapefiles"><enttyp><enttypl Sync="TRUE">TS_Shared_Mobility_Pilot_Trips_shapefiles</enttypl><enttypt Sync="TRUE">Feature Class</enttypt><enttypc Sync="TRUE">0</enttypc></enttyp><attr><attrlabl Sync="TRUE">FID</attrlabl><attalias Sync="TRUE">FID</attalias><attrtype Sync="TRUE">OID</attrtype><attwidth Sync="TRUE">4</attwidth><atprecis Sync="TRUE">0</atprecis><attscale Sync="TRUE">0</attscale><attrdef Sync="TRUE">Internal feature number.</attrdef><attrdefs Sync="TRUE">Esri</attrdefs><attrdomv><udom Sync="TRUE">Sequential unique whole numbers that are automatically generated.</udom></attrdomv></attr><attr><attrlabl Sync="TRUE">Shape</attrlabl><attalias Sync="TRUE">Shape</attalias><attrtype Sync="TRUE">Geometry</attrtype><attwidth Sync="TRUE">0</attwidth><atprecis Sync="TRUE">0</atprecis><attscale Sync="TRUE">0</attscale><attrdef Sync="TRUE">Feature geometry.</attrdef><attrdefs Sync="TRUE">Esri</attrdefs><attrdomv><udom Sync="TRUE">Coordinates defining the features.</udom></attrdomv></attr><attr><attrlabl Sync="TRUE">Join_Count</attrlabl><attalias Sync="TRUE">Join_Count</attalias><attrtype Sync="TRUE">Integer</attrtype><attwidth Sync="TRUE">10</attwidth><atprecis Sync="TRUE">10</atprecis><attscale Sync="TRUE">0</attscale></attr><attr><attrlabl Sync="TRUE">TARGET_FID</attrlabl><attalias Sync="TRUE">TARGET_FID</attalias><attrtype Sync="TRUE">Integer</attrtype><attwidth Sync="TRUE">10</attwidth><atprecis Sync="TRUE">10</atprecis><attscale Sync="TRUE">0</attscale></attr><attr><attrlabl Sync="TRUE">GRID_ID</attrlabl><attalias Sync="TRUE">GRID_ID</attalias><attrtype Sync="TRUE">String</attrtype><attwidth Sync="TRUE">12</attwidth><atprecis Sync="TRUE">0</atprecis><attscale Sync="TRUE">0</attscale></attr><attr><attrlabl Sync="TRUE">Shape_Leng</attrlabl><attalias Sync="TRUE">Shape_Leng</attalias><attrtype Sync="TRUE">Double</attrtype><attwidth Sync="TRUE">19</attwidth><atprecis Sync="TRUE">0</atprecis><attscale Sync="TRUE">0</attscale></attr><attr><attrlabl Sync="TRUE">Shape_Area</attrlabl><attalias Sync="TRUE">Shape_Area</attalias><attrtype Sync="TRUE">Double</attrtype><attwidth Sync="TRUE">19</attwidth><atprecis Sync="TRUE">0</atprecis><attscale Sync="TRUE">0</attscale><attrdef Sync="TRUE">Area of feature in internal units squared.</attrdef><attrdefs Sync="TRUE">Esri</attrdefs><attrdomv><udom Sync="TRUE">Positive real numbers that are automatically generated.</udom></attrdomv></attr><attr><attrlabl Sync="TRUE">end_grid_c</attrlabl><attalias Sync="TRUE">end_grid_c</attalias><attrtype Sync="TRUE">Double</attrtype><attwidth Sync="TRUE">19</attwidth><atprecis Sync="TRUE">18</atprecis><attscale Sync="TRUE">17</attscale></attr><attr><attrlabl Sync="TRUE">date_end_t</attrlabl><attalias Sync="TRUE">date_end_t</attalias><attrtype Sync="TRUE">Date</attrtype><attwidth Sync="TRUE">8</attwidth><atprecis Sync="TRUE">0</atprecis><attscale Sync="TRUE">0</attscale></attr><attr><attrlabl Sync="TRUE">time_end_t</attrlabl><attalias Sync="TRUE">time_end_t</attalias><attrtype Sync="TRUE">String</attrtype><attwidth Sync="TRUE">254</attwidth><atprecis Sync="TRUE">0</atprecis><attscale Sync="TRUE">0</attscale></attr><attr><attrlabl Sync="TRUE">ending_gri</attrlabl><attalias Sync="TRUE">ending_gri</attalias><attrtype Sync="TRUE">String</attrtype><attwidth Sync="TRUE">254</attwidth><atprecis Sync="TRUE">0</atprecis><attscale Sync="TRUE">0</attscale></attr><attr><attrlabl Sync="TRUE">endpoint</attrlabl><attalias Sync="TRUE">endpoint</attalias><attrtype Sync="TRUE">String</attrtype><attwidth Sync="TRUE">254</attwidth><atprecis Sync="TRUE">0</atprecis><attscale Sync="TRUE">0</attscale></attr><attr><attrlabl Sync="TRUE">endx</attrlabl><attalias Sync="TRUE">endx</attalias><attrtype Sync="TRUE">Double</attrtype><attwidth Sync="TRUE">19</attwidth><atprecis Sync="TRUE">18</atprecis><attscale Sync="TRUE">17</attscale></attr><attr><attrlabl Sync="TRUE">endy</attrlabl><attalias Sync="TRUE">endy</attalias><attrtype Sync="TRUE">Double</attrtype><attwidth Sync="TRUE">19</attwidth><atprecis Sync="TRUE">18</atprecis><attscale Sync="TRUE">17</attscale></attr><attr><attrlabl Sync="TRUE">date_start</attrlabl><attalias Sync="TRUE">date_start</attalias><attrtype Sync="TRUE">Date</attrtype><attwidth Sync="TRUE">8</attwidth><atprecis Sync="TRUE">0</atprecis><attscale Sync="TRUE">0</attscale></attr><attr><attrlabl Sync="TRUE">time_start</attrlabl><attalias Sync="TRUE">time_start</attalias><attrtype Sync="TRUE">String</attrtype><attwidth Sync="TRUE">254</attwidth><atprecis Sync="TRUE">0</atprecis><attscale Sync="TRUE">0</attscale></attr><attr><attrlabl Sync="TRUE">start_day</attrlabl><attalias Sync="TRUE">start_day</attalias><attrtype Sync="TRUE">String</attrtype><attwidth Sync="TRUE">254</attwidth><atprecis Sync="TRUE">0</atprecis><attscale Sync="TRUE">0</attscale></attr><attr><attrlabl Sync="TRUE">start_day_</attrlabl><attalias Sync="TRUE">start_day_</attalias><attrtype Sync="TRUE">String</attrtype><attwidth Sync="TRUE">254</attwidth><atprecis Sync="TRUE">0</atprecis><attscale Sync="TRUE">0</attscale></attr><attr><attrlabl Sync="TRUE">start_grid</attrlabl><attalias Sync="TRUE">start_grid</attalias><attrtype Sync="TRUE">Double</attrtype><attwidth Sync="TRUE">19</attwidth><atprecis Sync="TRUE">18</atprecis><attscale Sync="TRUE">17</attscale></attr><attr><attrlabl Sync="TRUE">start_hour</attrlabl><attalias Sync="TRUE">start_hour</attalias><attrtype Sync="TRUE">Double</attrtype><attwidth Sync="TRUE">19</attwidth><atprecis Sync="TRUE">18</atprecis><attscale Sync="TRUE">17</attscale></attr><attr><attrlabl Sync="TRUE">date_sta_2</attrlabl><attalias Sync="TRUE">date_sta_2</attalias><attrtype Sync="TRUE">Date</attrtype><attwidth Sync="TRUE">8</attwidth><atprecis Sync="TRUE">0</atprecis><attscale Sync="TRUE">0</attscale></attr><attr><attrlabl Sync="TRUE">time_sta_2</attrlabl><attalias Sync="TRUE">time_sta_2</attalias><attrtype Sync="TRUE">String</attrtype><attwidth Sync="TRUE">254</attwidth><atprecis Sync="TRUE">0</atprecis><attscale Sync="TRUE">0</attscale></attr><attr><attrlabl Sync="TRUE">starting_g</attrlabl><attalias Sync="TRUE">starting_g</attalias><attrtype Sync="TRUE">String</attrtype><attwidth Sync="TRUE">254</attwidth><atprecis Sync="TRUE">0</atprecis><attscale Sync="TRUE">0</attscale></attr><attr><attrlabl Sync="TRUE">startx</attrlabl><attalias Sync="TRUE">startx</attalias><attrtype Sync="TRUE">Double</attrtype><attwidth Sync="TRUE">19</attwidth><atprecis Sync="TRUE">18</atprecis><attscale Sync="TRUE">17</attscale></attr><attr><attrlabl Sync="TRUE">starty</attrlabl><attalias Sync="TRUE">starty</attalias><attrtype Sync="TRUE">Double</attrtype><attwidth Sync="TRUE">19</attwidth><atprecis Sync="TRUE">18</atprecis><attscale Sync="TRUE">17</attscale></attr><attr><attrlabl Sync="TRUE">trip_dista</attrlabl><attalias Sync="TRUE">trip_dista</attalias><attrtype Sync="TRUE">Double</attrtype><attwidth Sync="TRUE">19</attwidth><atprecis Sync="TRUE">18</atprecis><attscale Sync="TRUE">17</attscale></attr><attr><attrlabl Sync="TRUE">trip_durat</attrlabl><attalias Sync="TRUE">trip_durat</attalias><attrtype Sync="TRUE">Double</attrtype><attwidth Sync="TRUE">19</attwidth><atprecis Sync="TRUE">18</atprecis><attscale Sync="TRUE">17</attscale></attr><attr><attrlabl Sync="TRUE">vehicle_ty</attrlabl><attalias Sync="TRUE">vehicle_ty</attalias><attrtype Sync="TRUE">String</attrtype><attwidth Sync="TRUE">254</attwidth><atprecis Sync="TRUE">0</atprecis><attscale Sync="TRUE">0</attscale></attr></detailed></eainfo><mdDateSt Sync="TRUE">20210103</mdDateSt></metadata>
