<metadata xml:lang="en"><Esri><CreaDate>20201226</CreaDate><CreaTime>18595100</CreaTime><ArcGISFormat>1.0</ArcGISFormat><SyncOnce>FALSE</SyncOnce><DataProperties><lineage><Process ToolSource="c:\program files\arcgis\pro\Resources\ArcToolbox\toolboxes\Data Management Tools.tbx\CreateFeatureclass" Date="20201226" Time="112914">CreateFeatureclass C:\OpenCalgary_project\Open_Calgary.gdb GenerateTessellation Polygon # No No "PROJCS['Calgary_3TM_WGS_1984_W114',GEOGCS['GCS_WGS_1984',DATUM['D_WGS_1984',SPHEROID['World_Geodetic_System_of_1984_GEM_10C',6378137.0,298.257223563]],PRIMEM['Greenwich',0.0],UNIT['Degree',0.0174532925199433]],PROJECTION['Transverse_Mercator'],PARAMETER['false_easting',0.0],PARAMETER['false_northing',0.0],PARAMETER['central_meridian',-114.0],PARAMETER['scale_factor',0.9999],PARAMETER['latitude_of_origin',0.0],UNIT['Meter',1.0]];-5622600 -10001100 10000;-100000 10000;-100000 10000;0.001;0.001;0.001;IsHighPrecision" # 0 0 0 #</Process><Process ToolSource="c:\program files\arcgis\pro\Resources\ArcToolbox\toolboxes\Data Management Tools.tbx\AddField" Date="20201226" Time="112914">AddField C:\OpenCalgary_project\Open_Calgary.gdb\GenerateTessellation GRID_ID Text # # 12 # NULLABLE NON_REQUIRED #</Process><Process ToolSource="c:\program files\arcgis\pro\Resources\ArcToolbox\toolboxes\Data Management Tools.tbx\GenerateTessellation" Date="20201226" Time="112915">GenerateTessellation C:\OpenCalgary_project\Open_Calgary.gdb\GenerateTessellation "-22099.2863999996 5634037.7804 9863.39690000005 5675150.5817" Hexagon "1 SquareKilometers" "PROJCS['Calgary_3TM_WGS_1984_W114',GEOGCS['GCS_WGS_1984',DATUM['D_WGS_1984',SPHEROID['World_Geodetic_System_of_1984_GEM_10C',6378137.0,298.257223563]],PRIMEM['Greenwich',0.0],UNIT['Degree',0.0174532925199433]],PROJECTION['Transverse_Mercator'],PARAMETER['false_easting',0.0],PARAMETER['false_northing',0.0],PARAMETER['central_meridian',-114.0],PARAMETER['scale_factor',0.9999],PARAMETER['latitude_of_origin',0.0],UNIT['Meter',1.0]];-5622600 -10001100 10000;-100000 10000;-100000 10000;0.001;0.001;0.001;IsHighPrecision"</Process><Process ToolSource="c:\program files\arcgis\pro\Resources\ArcToolbox\toolboxes\Data Management Tools.tbx\Project" Date="20201226" Time="185951">Project GenerateTessellation C:\OpenCalgary_project\Open_Calgary.gdb\GenerateTessellation_Project PROJCS['NAD_1983_3TM_114',GEOGCS['GCS_North_American_1983',DATUM['D_North_American_1983',SPHEROID['GRS_1980',6378137.0,298.257222101]],PRIMEM['Greenwich',0.0],UNIT['Degree',0.0174532925199433]],PROJECTION['Transverse_Mercator'],PARAMETER['False_Easting',0.0],PARAMETER['False_Northing',0.0],PARAMETER['Central_Meridian',-114.0],PARAMETER['Scale_Factor',0.9999],PARAMETER['Latitude_Of_Origin',0.0],UNIT['Meter',1.0]] # PROJCS['Calgary_3TM_WGS_1984_W114',GEOGCS['GCS_WGS_1984',DATUM['D_WGS_1984',SPHEROID['World_Geodetic_System_of_1984_GEM_10C',6378137.0,298.257223563]],PRIMEM['Greenwich',0.0],UNIT['Degree',0.0174532925199433]],PROJECTION['Transverse_Mercator'],PARAMETER['false_easting',0.0],PARAMETER['false_northing',0.0],PARAMETER['central_meridian',-114.0],PARAMETER['scale_factor',0.9999],PARAMETER['latitude_of_origin',0.0],UNIT['Meter',1.0]] NO_PRESERVE_SHAPE # NO_VERTICAL</Process><Process ToolSource="c:\program files\arcgis\pro\Resources\ArcToolbox\toolboxes\Conversion Tools.tbx\FeatureClassToFeatureClass" Date="20210102" Time="074751">FeatureClassToFeatureClass GenerateTessellation_Project C:\OpenCalgary_project\Pilot\Pilot_test.gdb Tessellation # "GRID_ID "GRID_ID" true true false 12 Text 0 0,First,#,GenerateTessellation_Project,GRID_ID,0,12;Shape_Length "Shape_Length" false true true 8 Double 0 0,First,#,GenerateTessellation_Project,Shape_Length,-1,-1;Shape_Area "Shape_Area" false true true 8 Double 0 0,First,#,GenerateTessellation_Project,Shape_Area,-1,-1" #</Process><Process ToolSource="c:\program files\arcgis\pro\Resources\ArcToolbox\toolboxes\Conversion Tools.tbx\FeatureClassToFeatureClass" Date="20210102" Time="075301">FeatureClassToFeatureClass Tessellation C:\OpenCalgary_project\Base_files Tessellation_1km.shp # "GRID_ID "GRID_ID" true true false 12 Text 0 0,First,#,Tessellation,GRID_ID,0,12;Shape_Length "Shape_Length" false true true 8 Double 0 0,First,#,Tessellation,Shape_Length,-1,-1;Shape_Area "Shape_Area" false true true 8 Double 0 0,First,#,Tessellation,Shape_Area,-1,-1" #</Process><Process ToolSource="c:\program files\arcgis\pro\Resources\ArcToolbox\toolboxes\Analysis Tools.tbx\SpatialJoin" Date="20210103" Time="204439">SpatialJoin C:\OpenCalgary_project\Base_files\Tessellation_1km.shp C:\OpenCalgary_project\OpenCalgary_polygons\Census_By_Ward_1999_shapefiles.shp C:\OpenCalgary_project\Tessellation_polygons\TS_Census_By_Ward_1999_shapefiles.shp "Join one to one" KEEP_ALL "GRID_ID "GRID_ID" true true false 12 Text 0 0,First,#,C:\OpenCalgary_project\Base_files\Tessellation_1km.shp,GRID_ID,0,12;Shape_Leng "Shape_Leng" true true false 19 Double 0 0,First,#,C:\OpenCalgary_project\Base_files\Tessellation_1km.shp,Shape_Leng,-1,-1;Shape_Area "Shape_Area" true true false 19 Double 0 0,First,#,C:\OpenCalgary_project\Base_files\Tessellation_1km.shp,Shape_Area,-1,-1;apartment "apartment" true true false 19 Double 17 18,First,#,C:\OpenCalgary_project\OpenCalgary_polygons\Census_By_Ward_1999_shapefiles.shp,apartment,-1,-1;apt_no_res "apt_no_res" true true false 19 Double 17 18,First,#,C:\OpenCalgary_project\OpenCalgary_polygons\Census_By_Ward_1999_shapefiles.shp,apt_no_res,-1,-1;apt_occpd "apt_occpd" true true false 19 Double 17 18,First,#,C:\OpenCalgary_project\OpenCalgary_polygons\Census_By_Ward_1999_shapefiles.shp,apt_occpd,-1,-1;apt_owned "apt_owned" true true false 19 Double 17 18,First,#,C:\OpenCalgary_project\OpenCalgary_polygons\Census_By_Ward_1999_shapefiles.shp,apt_owned,-1,-1;apt_person "apt_person" true true false 19 Double 17 18,First,#,C:\OpenCalgary_project\OpenCalgary_polygons\Census_By_Ward_1999_shapefiles.shp,apt_person,-1,-1;apt_vacant "apt_vacant" true true false 19 Double 17 18,First,#,C:\OpenCalgary_project\OpenCalgary_polygons\Census_By_Ward_1999_shapefiles.shp,apt_vacant,-1,-1;cat_cnt "cat_cnt" true true false 19 Double 17 18,First,#,C:\OpenCalgary_project\OpenCalgary_polygons\Census_By_Ward_1999_shapefiles.shp,cat_cnt,-1,-1;cnss_yr "cnss_yr" true true false 19 Double 17 18,First,#,C:\OpenCalgary_project\OpenCalgary_polygons\Census_By_Ward_1999_shapefiles.shp,cnss_yr,-1,-1;cnv_no_res "cnv_no_res" true true false 19 Double 17 18,First,#,C:\OpenCalgary_project\OpenCalgary_polygons\Census_By_Ward_1999_shapefiles.shp,cnv_no_res,-1,-1;cnv_occpd "cnv_occpd" true true false 19 Double 17 18,First,#,C:\OpenCalgary_project\OpenCalgary_polygons\Census_By_Ward_1999_shapefiles.shp,cnv_occpd,-1,-1;cnv_owned "cnv_owned" true true false 19 Double 17 18,First,#,C:\OpenCalgary_project\OpenCalgary_polygons\Census_By_Ward_1999_shapefiles.shp,cnv_owned,-1,-1;cnv_person "cnv_person" true true false 19 Double 17 18,First,#,C:\OpenCalgary_project\OpenCalgary_polygons\Census_By_Ward_1999_shapefiles.shp,cnv_person,-1,-1;cnv_vacant "cnv_vacant" true true false 19 Double 17 18,First,#,C:\OpenCalgary_project\OpenCalgary_polygons\Census_By_Ward_1999_shapefiles.shp,cnv_vacant,-1,-1;comunl_hse "comunl_hse" true true false 19 Double 17 18,First,#,C:\OpenCalgary_project\OpenCalgary_polygons\Census_By_Ward_1999_shapefiles.shp,comunl_hse,-1,-1;conv_struc "conv_struc" true true false 19 Double 17 18,First,#,C:\OpenCalgary_project\OpenCalgary_polygons\Census_By_Ward_1999_shapefiles.shp,conv_struc,-1,-1;dog_cnt "dog_cnt" true true false 19 Double 17 18,First,#,C:\OpenCalgary_project\OpenCalgary_polygons\Census_By_Ward_1999_shapefiles.shp,dog_cnt,-1,-1;dup_no_res "dup_no_res" true true false 19 Double 17 18,First,#,C:\OpenCalgary_project\OpenCalgary_polygons\Census_By_Ward_1999_shapefiles.shp,dup_no_res,-1,-1;dup_occpd "dup_occpd" true true false 19 Double 17 18,First,#,C:\OpenCalgary_project\OpenCalgary_polygons\Census_By_Ward_1999_shapefiles.shp,dup_occpd,-1,-1;dup_owned "dup_owned" true true false 19 Double 17 18,First,#,C:\OpenCalgary_project\OpenCalgary_polygons\Census_By_Ward_1999_shapefiles.shp,dup_owned,-1,-1;dup_person "dup_person" true true false 19 Double 17 18,First,#,C:\OpenCalgary_project\OpenCalgary_polygons\Census_By_Ward_1999_shapefiles.shp,dup_person,-1,-1;dup_vacant "dup_vacant" true true false 19 Double 17 18,First,#,C:\OpenCalgary_project\OpenCalgary_polygons\Census_By_Ward_1999_shapefiles.shp,dup_vacant,-1,-1;duplex "duplex" true true false 19 Double 17 18,First,#,C:\OpenCalgary_project\OpenCalgary_polygons\Census_By_Ward_1999_shapefiles.shp,duplex,-1,-1;dwell_cnt "dwell_cnt" true true false 19 Double 17 18,First,#,C:\OpenCalgary_project\OpenCalgary_polygons\Census_By_Ward_1999_shapefiles.shp,dwell_cnt,-1,-1;elect_cnt "elect_cnt" true true false 19 Double 17 18,First,#,C:\OpenCalgary_project\OpenCalgary_polygons\Census_By_Ward_1999_shapefiles.shp,elect_cnt,-1,-1;emplyd_cnt "emplyd_cnt" true true false 19 Double 17 18,First,#,C:\OpenCalgary_project\OpenCalgary_polygons\Census_By_Ward_1999_shapefiles.shp,emplyd_cnt,-1,-1;fem_0_4 "fem_0_4" true true false 19 Double 17 18,First,#,C:\OpenCalgary_project\OpenCalgary_polygons\Census_By_Ward_1999_shapefiles.shp,fem_0_4,-1,-1;fem_15_19 "fem_15_19" true true false 19 Double 17 18,First,#,C:\OpenCalgary_project\OpenCalgary_polygons\Census_By_Ward_1999_shapefiles.shp,fem_15_19,-1,-1;fem_20_24 "fem_20_24" true true false 19 Double 17 18,First,#,C:\OpenCalgary_project\OpenCalgary_polygons\Census_By_Ward_1999_shapefiles.shp,fem_20_24,-1,-1;fem_25_34 "fem_25_34" true true false 19 Double 17 18,First,#,C:\OpenCalgary_project\OpenCalgary_polygons\Census_By_Ward_1999_shapefiles.shp,fem_25_34,-1,-1;fem_35_44 "fem_35_44" true true false 19 Double 17 18,First,#,C:\OpenCalgary_project\OpenCalgary_polygons\Census_By_Ward_1999_shapefiles.shp,fem_35_44,-1,-1;fem_45_54 "fem_45_54" true true false 19 Double 17 18,First,#,C:\OpenCalgary_project\OpenCalgary_polygons\Census_By_Ward_1999_shapefiles.shp,fem_45_54,-1,-1;fem_55_64 "fem_55_64" true true false 19 Double 17 18,First,#,C:\OpenCalgary_project\OpenCalgary_polygons\Census_By_Ward_1999_shapefiles.shp,fem_55_64,-1,-1;fem_5_14 "fem_5_14" true true false 19 Double 17 18,First,#,C:\OpenCalgary_project\OpenCalgary_polygons\Census_By_Ward_1999_shapefiles.shp,fem_5_14,-1,-1;fem_65_74 "fem_65_74" true true false 19 Double 17 18,First,#,C:\OpenCalgary_project\OpenCalgary_polygons\Census_By_Ward_1999_shapefiles.shp,fem_65_74,-1,-1;fem_75 "fem_75" true true false 19 Double 17 18,First,#,C:\OpenCalgary_project\OpenCalgary_polygons\Census_By_Ward_1999_shapefiles.shp,fem_75,-1,-1;female_cnt "female_cnt" true true false 19 Double 17 18,First,#,C:\OpenCalgary_project\OpenCalgary_polygons\Census_By_Ward_1999_shapefiles.shp,female_cnt,-1,-1;hotel_cnt "hotel_cnt" true true false 19 Double 17 18,First,#,C:\OpenCalgary_project\OpenCalgary_polygons\Census_By_Ward_1999_shapefiles.shp,hotel_cnt,-1,-1;label "label" true true false 254 Text 0 0,First,#,C:\OpenCalgary_project\OpenCalgary_polygons\Census_By_Ward_1999_shapefiles.shp,label,0,254;male_0_4 "male_0_4" true true false 19 Double 17 18,First,#,C:\OpenCalgary_project\OpenCalgary_polygons\Census_By_Ward_1999_shapefiles.shp,male_0_4,-1,-1;male_15_19 "male_15_19" true true false 19 Double 17 18,First,#,C:\OpenCalgary_project\OpenCalgary_polygons\Census_By_Ward_1999_shapefiles.shp,male_15_19,-1,-1;male_20_24 "male_20_24" true true false 19 Double 17 18,First,#,C:\OpenCalgary_project\OpenCalgary_polygons\Census_By_Ward_1999_shapefiles.shp,male_20_24,-1,-1;male_25_34 "male_25_34" true true false 19 Double 17 18,First,#,C:\OpenCalgary_project\OpenCalgary_polygons\Census_By_Ward_1999_shapefiles.shp,male_25_34,-1,-1;male_35_44 "male_35_44" true true false 19 Double 17 18,First,#,C:\OpenCalgary_project\OpenCalgary_polygons\Census_By_Ward_1999_shapefiles.shp,male_35_44,-1,-1;male_45_54 "male_45_54" true true false 19 Double 17 18,First,#,C:\OpenCalgary_project\OpenCalgary_polygons\Census_By_Ward_1999_shapefiles.shp,male_45_54,-1,-1;male_55_64 "male_55_64" true true false 19 Double 17 18,First,#,C:\OpenCalgary_project\OpenCalgary_polygons\Census_By_Ward_1999_shapefiles.shp,male_55_64,-1,-1;male_5_14 "male_5_14" true true false 19 Double 17 18,First,#,C:\OpenCalgary_project\OpenCalgary_polygons\Census_By_Ward_1999_shapefiles.shp,male_5_14,-1,-1;male_65_74 "male_65_74" true true false 19 Double 17 18,First,#,C:\OpenCalgary_project\OpenCalgary_polygons\Census_By_Ward_1999_shapefiles.shp,male_65_74,-1,-1;male_75 "male_75" true true false 19 Double 17 18,First,#,C:\OpenCalgary_project\OpenCalgary_polygons\Census_By_Ward_1999_shapefiles.shp,male_75,-1,-1;male_cnt "male_cnt" true true false 19 Double 17 18,First,#,C:\OpenCalgary_project\OpenCalgary_polygons\Census_By_Ward_1999_shapefiles.shp,male_cnt,-1,-1;manuf_home "manuf_home" true true false 19 Double 17 18,First,#,C:\OpenCalgary_project\OpenCalgary_polygons\Census_By_Ward_1999_shapefiles.shp,manuf_home,-1,-1;mf_0_4 "mf_0_4" true true false 19 Double 17 18,First,#,C:\OpenCalgary_project\OpenCalgary_polygons\Census_By_Ward_1999_shapefiles.shp,mf_0_4,-1,-1;mf_15_19 "mf_15_19" true true false 19 Double 17 18,First,#,C:\OpenCalgary_project\OpenCalgary_polygons\Census_By_Ward_1999_shapefiles.shp,mf_15_19,-1,-1;mf_20_24 "mf_20_24" true true false 19 Double 17 18,First,#,C:\OpenCalgary_project\OpenCalgary_polygons\Census_By_Ward_1999_shapefiles.shp,mf_20_24,-1,-1;mf_25_34 "mf_25_34" true true false 19 Double 17 18,First,#,C:\OpenCalgary_project\OpenCalgary_polygons\Census_By_Ward_1999_shapefiles.shp,mf_25_34,-1,-1;mf_35_44 "mf_35_44" true true false 19 Double 17 18,First,#,C:\OpenCalgary_project\OpenCalgary_polygons\Census_By_Ward_1999_shapefiles.shp,mf_35_44,-1,-1;mf_45_54 "mf_45_54" true true false 19 Double 17 18,First,#,C:\OpenCalgary_project\OpenCalgary_polygons\Census_By_Ward_1999_shapefiles.shp,mf_45_54,-1,-1;mf_55_64 "mf_55_64" true true false 19 Double 17 18,First,#,C:\OpenCalgary_project\OpenCalgary_polygons\Census_By_Ward_1999_shapefiles.shp,mf_55_64,-1,-1;mf_5_14 "mf_5_14" true true false 19 Double 17 18,First,#,C:\OpenCalgary_project\OpenCalgary_polygons\Census_By_Ward_1999_shapefiles.shp,mf_5_14,-1,-1;mf_65_74 "mf_65_74" true true false 19 Double 17 18,First,#,C:\OpenCalgary_project\OpenCalgary_polygons\Census_By_Ward_1999_shapefiles.shp,mf_65_74,-1,-1;mf_75 "mf_75" true true false 19 Double 17 18,First,#,C:\OpenCalgary_project\OpenCalgary_polygons\Census_By_Ward_1999_shapefiles.shp,mf_75,-1,-1;mfh_no_res "mfh_no_res" true true false 19 Double 17 18,First,#,C:\OpenCalgary_project\OpenCalgary_polygons\Census_By_Ward_1999_shapefiles.shp,mfh_no_res,-1,-1;mfh_occpd "mfh_occpd" true true false 19 Double 17 18,First,#,C:\OpenCalgary_project\OpenCalgary_polygons\Census_By_Ward_1999_shapefiles.shp,mfh_occpd,-1,-1;mfh_owned "mfh_owned" true true false 19 Double 17 18,First,#,C:\OpenCalgary_project\OpenCalgary_polygons\Census_By_Ward_1999_shapefiles.shp,mfh_owned,-1,-1;mfh_person "mfh_person" true true false 19 Double 17 18,First,#,C:\OpenCalgary_project\OpenCalgary_polygons\Census_By_Ward_1999_shapefiles.shp,mfh_person,-1,-1;mfh_vacant "mfh_vacant" true true false 19 Double 17 18,First,#,C:\OpenCalgary_project\OpenCalgary_polygons\Census_By_Ward_1999_shapefiles.shp,mfh_vacant,-1,-1;multi_plex "multi_plex" true true false 19 Double 17 18,First,#,C:\OpenCalgary_project\OpenCalgary_polygons\Census_By_Ward_1999_shapefiles.shp,multi_plex,-1,-1;nursing_hm "nursing_hm" true true false 19 Double 17 18,First,#,C:\OpenCalgary_project\OpenCalgary_polygons\Census_By_Ward_1999_shapefiles.shp,nursing_hm,-1,-1;oth_no_res "oth_no_res" true true false 19 Double 17 18,First,#,C:\OpenCalgary_project\OpenCalgary_polygons\Census_By_Ward_1999_shapefiles.shp,oth_no_res,-1,-1;oth_occpd "oth_occpd" true true false 19 Double 17 18,First,#,C:\OpenCalgary_project\OpenCalgary_polygons\Census_By_Ward_1999_shapefiles.shp,oth_occpd,-1,-1;oth_owned "oth_owned" true true false 19 Double 17 18,First,#,C:\OpenCalgary_project\OpenCalgary_polygons\Census_By_Ward_1999_shapefiles.shp,oth_owned,-1,-1;oth_person "oth_person" true true false 19 Double 17 18,First,#,C:\OpenCalgary_project\OpenCalgary_polygons\Census_By_Ward_1999_shapefiles.shp,oth_person,-1,-1;oth_vacant "oth_vacant" true true false 19 Double 17 18,First,#,C:\OpenCalgary_project\OpenCalgary_polygons\Census_By_Ward_1999_shapefiles.shp,oth_vacant,-1,-1;other_inst "other_inst" true true false 19 Double 17 18,First,#,C:\OpenCalgary_project\OpenCalgary_polygons\Census_By_Ward_1999_shapefiles.shp,other_inst,-1,-1;other_res "other_res" true true false 19 Double 17 18,First,#,C:\OpenCalgary_project\OpenCalgary_polygons\Census_By_Ward_1999_shapefiles.shp,other_res,-1,-1;ownshp_cnt "ownshp_cnt" true true false 19 Double 17 18,First,#,C:\OpenCalgary_project\OpenCalgary_polygons\Census_By_Ward_1999_shapefiles.shp,ownshp_cnt,-1,-1;prsch_chld "prsch_chld" true true false 19 Double 17 18,First,#,C:\OpenCalgary_project\OpenCalgary_polygons\Census_By_Ward_1999_shapefiles.shp,prsch_chld,-1,-1;pub_sch "pub_sch" true true false 19 Double 17 18,First,#,C:\OpenCalgary_project\OpenCalgary_polygons\Census_By_Ward_1999_shapefiles.shp,pub_sch,-1,-1;res_cnt "res_cnt" true true false 19 Double 17 18,First,#,C:\OpenCalgary_project\OpenCalgary_polygons\Census_By_Ward_1999_shapefiles.shp,res_cnt,-1,-1;res_comm "res_comm" true true false 19 Double 17 18,First,#,C:\OpenCalgary_project\OpenCalgary_polygons\Census_By_Ward_1999_shapefiles.shp,res_comm,-1,-1;sep_sch "sep_sch" true true false 19 Double 17 18,First,#,C:\OpenCalgary_project\OpenCalgary_polygons\Census_By_Ward_1999_shapefiles.shp,sep_sch,-1,-1;sf_no_res "sf_no_res" true true false 19 Double 17 18,First,#,C:\OpenCalgary_project\OpenCalgary_polygons\Census_By_Ward_1999_shapefiles.shp,sf_no_res,-1,-1;sf_occpd "sf_occpd" true true false 19 Double 17 18,First,#,C:\OpenCalgary_project\OpenCalgary_polygons\Census_By_Ward_1999_shapefiles.shp,sf_occpd,-1,-1;sf_owned "sf_owned" true true false 19 Double 17 18,First,#,C:\OpenCalgary_project\OpenCalgary_polygons\Census_By_Ward_1999_shapefiles.shp,sf_owned,-1,-1;sf_person "sf_person" true true false 19 Double 17 18,First,#,C:\OpenCalgary_project\OpenCalgary_polygons\Census_By_Ward_1999_shapefiles.shp,sf_person,-1,-1;sf_vacant "sf_vacant" true true false 19 Double 17 18,First,#,C:\OpenCalgary_project\OpenCalgary_polygons\Census_By_Ward_1999_shapefiles.shp,sf_vacant,-1,-1;sing_famly "sing_famly" true true false 19 Double 17 18,First,#,C:\OpenCalgary_project\OpenCalgary_polygons\Census_By_Ward_1999_shapefiles.shp,sing_famly,-1,-1;town_house "town_house" true true false 19 Double 17 18,First,#,C:\OpenCalgary_project\OpenCalgary_polygons\Census_By_Ward_1999_shapefiles.shp,town_house,-1,-1;twn_no_res "twn_no_res" true true false 19 Double 17 18,First,#,C:\OpenCalgary_project\OpenCalgary_polygons\Census_By_Ward_1999_shapefiles.shp,twn_no_res,-1,-1;twn_occpd "twn_occpd" true true false 19 Double 17 18,First,#,C:\OpenCalgary_project\OpenCalgary_polygons\Census_By_Ward_1999_shapefiles.shp,twn_occpd,-1,-1;twn_owned "twn_owned" true true false 19 Double 17 18,First,#,C:\OpenCalgary_project\OpenCalgary_polygons\Census_By_Ward_1999_shapefiles.shp,twn_owned,-1,-1;twn_person "twn_person" true true false 19 Double 17 18,First,#,C:\OpenCalgary_project\OpenCalgary_polygons\Census_By_Ward_1999_shapefiles.shp,twn_person,-1,-1;twn_vacant "twn_vacant" true true false 19 Double 17 18,First,#,C:\OpenCalgary_project\OpenCalgary_polygons\Census_By_Ward_1999_shapefiles.shp,twn_vacant,-1,-1;ward_num "ward_num" true true false 19 Double 17 18,First,#,C:\OpenCalgary_project\OpenCalgary_polygons\Census_By_Ward_1999_shapefiles.shp,ward_num,-1,-1" Intersect # #</Process></lineage><itemProps><itemLocation><linkage Sync="TRUE">file://\\AGAR\C$\OpenCalgary_project\Tessellation_polygons\TS_Census_By_Ward_1999_shapefiles.shp</linkage><protocol Sync="TRUE">Local Area Network</protocol></itemLocation><itemName Sync="TRUE">TS_Census_By_Ward_1999_shapefiles</itemName><imsContentType Sync="TRUE">002</imsContentType><itemSize Sync="TRUE">0.000</itemSize></itemProps><coordRef><type Sync="TRUE">Projected</type><geogcsn Sync="TRUE">GCS_North_American_1983</geogcsn><csUnits Sync="TRUE">Linear Unit: Meter (1.000000)</csUnits><projcsn Sync="TRUE">NAD_1983_3TM_114</projcsn><peXml Sync="TRUE">&lt;ProjectedCoordinateSystem xsi:type='typens:ProjectedCoordinateSystem' xmlns:xsi='http://www.w3.org/2001/XMLSchema-instance' xmlns:xs='http://www.w3.org/2001/XMLSchema' xmlns:typens='http://www.esri.com/schemas/ArcGIS/2.7.0'&gt;&lt;WKT&gt;PROJCS[&amp;quot;NAD_1983_3TM_114&amp;quot;,GEOGCS[&amp;quot;GCS_North_American_1983&amp;quot;,DATUM[&amp;quot;D_North_American_1983&amp;quot;,SPHEROID[&amp;quot;GRS_1980&amp;quot;,6378137.0,298.257222101]],PRIMEM[&amp;quot;Greenwich&amp;quot;,0.0],UNIT[&amp;quot;Degree&amp;quot;,0.0174532925199433]],PROJECTION[&amp;quot;Transverse_Mercator&amp;quot;],PARAMETER[&amp;quot;False_Easting&amp;quot;,0.0],PARAMETER[&amp;quot;False_Northing&amp;quot;,0.0],PARAMETER[&amp;quot;Central_Meridian&amp;quot;,-114.0],PARAMETER[&amp;quot;Scale_Factor&amp;quot;,0.9999],PARAMETER[&amp;quot;Latitude_Of_Origin&amp;quot;,0.0],UNIT[&amp;quot;Meter&amp;quot;,1.0],AUTHORITY[&amp;quot;EPSG&amp;quot;,3776]]&lt;/WKT&gt;&lt;XOrigin&gt;-5622600&lt;/XOrigin&gt;&lt;YOrigin&gt;-10001100&lt;/YOrigin&gt;&lt;XYScale&gt;450310428.58990461&lt;/XYScale&gt;&lt;ZOrigin&gt;-100000&lt;/ZOrigin&gt;&lt;ZScale&gt;10000&lt;/ZScale&gt;&lt;MOrigin&gt;-100000&lt;/MOrigin&gt;&lt;MScale&gt;10000&lt;/MScale&gt;&lt;XYTolerance&gt;0.001&lt;/XYTolerance&gt;&lt;ZTolerance&gt;0.001&lt;/ZTolerance&gt;&lt;MTolerance&gt;0.001&lt;/MTolerance&gt;&lt;HighPrecision&gt;true&lt;/HighPrecision&gt;&lt;WKID&gt;102187&lt;/WKID&gt;&lt;LatestWKID&gt;3776&lt;/LatestWKID&gt;&lt;/ProjectedCoordinateSystem&gt;</peXml></coordRef></DataProperties><SyncDate>20210103</SyncDate><SyncTime>20443700</SyncTime><ModDate>20210103</ModDate><ModTime>20443700</ModTime></Esri><dataIdInfo><envirDesc Sync="TRUE">Microsoft Windows 10 Version 10.0 (Build 18363) ; Esri ArcGIS 12.7.0.26828</envirDesc><dataLang><languageCode value="eng" Sync="TRUE"></languageCode><countryCode value="CAN" Sync="TRUE"></countryCode></dataLang><idCitation><resTitle Sync="TRUE">TS_Census_By_Ward_1999_shapefiles</resTitle><presForm><PresFormCd value="005" Sync="TRUE"></PresFormCd></presForm></idCitation><spatRpType><SpatRepTypCd value="001" Sync="TRUE"></SpatRepTypCd></spatRpType></dataIdInfo><mdLang><languageCode value="eng" Sync="TRUE"></languageCode><countryCode value="CAN" Sync="TRUE"></countryCode></mdLang><distInfo><distFormat><formatName Sync="TRUE">Shapefile</formatName></distFormat><distTranOps><transSize Sync="TRUE">0.000</transSize></distTranOps></distInfo><mdHrLv><ScopeCd value="005" Sync="TRUE"></ScopeCd></mdHrLv><mdHrLvName Sync="TRUE">dataset</mdHrLvName><refSysInfo><RefSystem><refSysID><identCode code="3776" Sync="TRUE"></identCode><idCodeSpace Sync="TRUE">EPSG</idCodeSpace><idVersion Sync="TRUE">6.16(10.0.0)</idVersion></refSysID></RefSystem></refSysInfo><spatRepInfo><VectSpatRep><geometObjs Name="TS_Census_By_Ward_1999_shapefiles"><geoObjTyp><GeoObjTypCd value="002" Sync="TRUE"></GeoObjTypCd></geoObjTyp><geoObjCnt Sync="TRUE">0</geoObjCnt></geometObjs><topLvl><TopoLevCd value="001" Sync="TRUE"></TopoLevCd></topLvl></VectSpatRep></spatRepInfo><spdoinfo><ptvctinf><esriterm Name="TS_Census_By_Ward_1999_shapefiles"><efeatyp Sync="TRUE">Simple</efeatyp><efeageom code="4" Sync="TRUE"></efeageom><esritopo Sync="TRUE">FALSE</esritopo><efeacnt Sync="TRUE">0</efeacnt><spindex Sync="TRUE">FALSE</spindex><linrefer Sync="TRUE">FALSE</linrefer></esriterm></ptvctinf></spdoinfo><eainfo><detailed Name="TS_Census_By_Ward_1999_shapefiles"><enttyp><enttypl Sync="TRUE">TS_Census_By_Ward_1999_shapefiles</enttypl><enttypt Sync="TRUE">Feature Class</enttypt><enttypc Sync="TRUE">0</enttypc></enttyp><attr><attrlabl Sync="TRUE">FID</attrlabl><attalias Sync="TRUE">FID</attalias><attrtype Sync="TRUE">OID</attrtype><attwidth Sync="TRUE">4</attwidth><atprecis Sync="TRUE">0</atprecis><attscale Sync="TRUE">0</attscale><attrdef Sync="TRUE">Internal feature number.</attrdef><attrdefs Sync="TRUE">Esri</attrdefs><attrdomv><udom Sync="TRUE">Sequential unique whole numbers that are automatically generated.</udom></attrdomv></attr><attr><attrlabl Sync="TRUE">Shape</attrlabl><attalias Sync="TRUE">Shape</attalias><attrtype Sync="TRUE">Geometry</attrtype><attwidth Sync="TRUE">0</attwidth><atprecis Sync="TRUE">0</atprecis><attscale Sync="TRUE">0</attscale><attrdef Sync="TRUE">Feature geometry.</attrdef><attrdefs Sync="TRUE">Esri</attrdefs><attrdomv><udom Sync="TRUE">Coordinates defining the features.</udom></attrdomv></attr><attr><attrlabl Sync="TRUE">Join_Count</attrlabl><attalias Sync="TRUE">Join_Count</attalias><attrtype Sync="TRUE">Integer</attrtype><attwidth Sync="TRUE">10</attwidth><atprecis Sync="TRUE">10</atprecis><attscale Sync="TRUE">0</attscale></attr><attr><attrlabl Sync="TRUE">TARGET_FID</attrlabl><attalias Sync="TRUE">TARGET_FID</attalias><attrtype Sync="TRUE">Integer</attrtype><attwidth Sync="TRUE">10</attwidth><atprecis Sync="TRUE">10</atprecis><attscale Sync="TRUE">0</attscale></attr><attr><attrlabl Sync="TRUE">GRID_ID</attrlabl><attalias Sync="TRUE">GRID_ID</attalias><attrtype Sync="TRUE">String</attrtype><attwidth Sync="TRUE">12</attwidth><atprecis Sync="TRUE">0</atprecis><attscale Sync="TRUE">0</attscale></attr><attr><attrlabl Sync="TRUE">Shape_Leng</attrlabl><attalias Sync="TRUE">Shape_Leng</attalias><attrtype Sync="TRUE">Double</attrtype><attwidth Sync="TRUE">19</attwidth><atprecis Sync="TRUE">0</atprecis><attscale Sync="TRUE">0</attscale></attr><attr><attrlabl Sync="TRUE">Shape_Area</attrlabl><attalias Sync="TRUE">Shape_Area</attalias><attrtype Sync="TRUE">Double</attrtype><attwidth Sync="TRUE">19</attwidth><atprecis Sync="TRUE">0</atprecis><attscale Sync="TRUE">0</attscale><attrdef Sync="TRUE">Area of feature in internal units squared.</attrdef><attrdefs Sync="TRUE">Esri</attrdefs><attrdomv><udom Sync="TRUE">Positive real numbers that are automatically generated.</udom></attrdomv></attr><attr><attrlabl Sync="TRUE">apartment</attrlabl><attalias Sync="TRUE">apartment</attalias><attrtype Sync="TRUE">Double</attrtype><attwidth Sync="TRUE">19</attwidth><atprecis Sync="TRUE">18</atprecis><attscale Sync="TRUE">17</attscale></attr><attr><attrlabl Sync="TRUE">apt_no_res</attrlabl><attalias Sync="TRUE">apt_no_res</attalias><attrtype Sync="TRUE">Double</attrtype><attwidth Sync="TRUE">19</attwidth><atprecis Sync="TRUE">18</atprecis><attscale Sync="TRUE">17</attscale></attr><attr><attrlabl Sync="TRUE">apt_occpd</attrlabl><attalias Sync="TRUE">apt_occpd</attalias><attrtype Sync="TRUE">Double</attrtype><attwidth Sync="TRUE">19</attwidth><atprecis Sync="TRUE">18</atprecis><attscale Sync="TRUE">17</attscale></attr><attr><attrlabl Sync="TRUE">apt_owned</attrlabl><attalias Sync="TRUE">apt_owned</attalias><attrtype Sync="TRUE">Double</attrtype><attwidth Sync="TRUE">19</attwidth><atprecis Sync="TRUE">18</atprecis><attscale Sync="TRUE">17</attscale></attr><attr><attrlabl Sync="TRUE">apt_person</attrlabl><attalias Sync="TRUE">apt_person</attalias><attrtype Sync="TRUE">Double</attrtype><attwidth Sync="TRUE">19</attwidth><atprecis Sync="TRUE">18</atprecis><attscale Sync="TRUE">17</attscale></attr><attr><attrlabl Sync="TRUE">apt_vacant</attrlabl><attalias Sync="TRUE">apt_vacant</attalias><attrtype Sync="TRUE">Double</attrtype><attwidth Sync="TRUE">19</attwidth><atprecis Sync="TRUE">18</atprecis><attscale Sync="TRUE">17</attscale></attr><attr><attrlabl Sync="TRUE">cat_cnt</attrlabl><attalias Sync="TRUE">cat_cnt</attalias><attrtype Sync="TRUE">Double</attrtype><attwidth Sync="TRUE">19</attwidth><atprecis Sync="TRUE">18</atprecis><attscale Sync="TRUE">17</attscale></attr><attr><attrlabl Sync="TRUE">cnss_yr</attrlabl><attalias Sync="TRUE">cnss_yr</attalias><attrtype Sync="TRUE">Double</attrtype><attwidth Sync="TRUE">19</attwidth><atprecis Sync="TRUE">18</atprecis><attscale Sync="TRUE">17</attscale></attr><attr><attrlabl Sync="TRUE">cnv_no_res</attrlabl><attalias Sync="TRUE">cnv_no_res</attalias><attrtype Sync="TRUE">Double</attrtype><attwidth Sync="TRUE">19</attwidth><atprecis Sync="TRUE">18</atprecis><attscale Sync="TRUE">17</attscale></attr><attr><attrlabl Sync="TRUE">cnv_occpd</attrlabl><attalias Sync="TRUE">cnv_occpd</attalias><attrtype Sync="TRUE">Double</attrtype><attwidth Sync="TRUE">19</attwidth><atprecis Sync="TRUE">18</atprecis><attscale Sync="TRUE">17</attscale></attr><attr><attrlabl Sync="TRUE">cnv_owned</attrlabl><attalias Sync="TRUE">cnv_owned</attalias><attrtype Sync="TRUE">Double</attrtype><attwidth Sync="TRUE">19</attwidth><atprecis Sync="TRUE">18</atprecis><attscale Sync="TRUE">17</attscale></attr><attr><attrlabl Sync="TRUE">cnv_person</attrlabl><attalias Sync="TRUE">cnv_person</attalias><attrtype Sync="TRUE">Double</attrtype><attwidth Sync="TRUE">19</attwidth><atprecis Sync="TRUE">18</atprecis><attscale Sync="TRUE">17</attscale></attr><attr><attrlabl Sync="TRUE">cnv_vacant</attrlabl><attalias Sync="TRUE">cnv_vacant</attalias><attrtype Sync="TRUE">Double</attrtype><attwidth Sync="TRUE">19</attwidth><atprecis Sync="TRUE">18</atprecis><attscale Sync="TRUE">17</attscale></attr><attr><attrlabl Sync="TRUE">comunl_hse</attrlabl><attalias Sync="TRUE">comunl_hse</attalias><attrtype Sync="TRUE">Double</attrtype><attwidth Sync="TRUE">19</attwidth><atprecis Sync="TRUE">18</atprecis><attscale Sync="TRUE">17</attscale></attr><attr><attrlabl Sync="TRUE">conv_struc</attrlabl><attalias Sync="TRUE">conv_struc</attalias><attrtype Sync="TRUE">Double</attrtype><attwidth Sync="TRUE">19</attwidth><atprecis Sync="TRUE">18</atprecis><attscale Sync="TRUE">17</attscale></attr><attr><attrlabl Sync="TRUE">dog_cnt</attrlabl><attalias Sync="TRUE">dog_cnt</attalias><attrtype Sync="TRUE">Double</attrtype><attwidth Sync="TRUE">19</attwidth><atprecis Sync="TRUE">18</atprecis><attscale Sync="TRUE">17</attscale></attr><attr><attrlabl Sync="TRUE">dup_no_res</attrlabl><attalias Sync="TRUE">dup_no_res</attalias><attrtype Sync="TRUE">Double</attrtype><attwidth Sync="TRUE">19</attwidth><atprecis Sync="TRUE">18</atprecis><attscale Sync="TRUE">17</attscale></attr><attr><attrlabl Sync="TRUE">dup_occpd</attrlabl><attalias Sync="TRUE">dup_occpd</attalias><attrtype Sync="TRUE">Double</attrtype><attwidth Sync="TRUE">19</attwidth><atprecis Sync="TRUE">18</atprecis><attscale Sync="TRUE">17</attscale></attr><attr><attrlabl Sync="TRUE">dup_owned</attrlabl><attalias Sync="TRUE">dup_owned</attalias><attrtype Sync="TRUE">Double</attrtype><attwidth Sync="TRUE">19</attwidth><atprecis Sync="TRUE">18</atprecis><attscale Sync="TRUE">17</attscale></attr><attr><attrlabl Sync="TRUE">dup_person</attrlabl><attalias Sync="TRUE">dup_person</attalias><attrtype Sync="TRUE">Double</attrtype><attwidth Sync="TRUE">19</attwidth><atprecis Sync="TRUE">18</atprecis><attscale Sync="TRUE">17</attscale></attr><attr><attrlabl Sync="TRUE">dup_vacant</attrlabl><attalias Sync="TRUE">dup_vacant</attalias><attrtype Sync="TRUE">Double</attrtype><attwidth Sync="TRUE">19</attwidth><atprecis Sync="TRUE">18</atprecis><attscale Sync="TRUE">17</attscale></attr><attr><attrlabl Sync="TRUE">duplex</attrlabl><attalias Sync="TRUE">duplex</attalias><attrtype Sync="TRUE">Double</attrtype><attwidth Sync="TRUE">19</attwidth><atprecis Sync="TRUE">18</atprecis><attscale Sync="TRUE">17</attscale></attr><attr><attrlabl Sync="TRUE">dwell_cnt</attrlabl><attalias Sync="TRUE">dwell_cnt</attalias><attrtype Sync="TRUE">Double</attrtype><attwidth Sync="TRUE">19</attwidth><atprecis Sync="TRUE">18</atprecis><attscale Sync="TRUE">17</attscale></attr><attr><attrlabl Sync="TRUE">elect_cnt</attrlabl><attalias Sync="TRUE">elect_cnt</attalias><attrtype Sync="TRUE">Double</attrtype><attwidth Sync="TRUE">19</attwidth><atprecis Sync="TRUE">18</atprecis><attscale Sync="TRUE">17</attscale></attr><attr><attrlabl Sync="TRUE">emplyd_cnt</attrlabl><attalias Sync="TRUE">emplyd_cnt</attalias><attrtype Sync="TRUE">Double</attrtype><attwidth Sync="TRUE">19</attwidth><atprecis Sync="TRUE">18</atprecis><attscale Sync="TRUE">17</attscale></attr><attr><attrlabl Sync="TRUE">fem_0_4</attrlabl><attalias Sync="TRUE">fem_0_4</attalias><attrtype Sync="TRUE">Double</attrtype><attwidth Sync="TRUE">19</attwidth><atprecis Sync="TRUE">18</atprecis><attscale Sync="TRUE">17</attscale></attr><attr><attrlabl Sync="TRUE">fem_15_19</attrlabl><attalias Sync="TRUE">fem_15_19</attalias><attrtype Sync="TRUE">Double</attrtype><attwidth Sync="TRUE">19</attwidth><atprecis Sync="TRUE">18</atprecis><attscale Sync="TRUE">17</attscale></attr><attr><attrlabl Sync="TRUE">fem_20_24</attrlabl><attalias Sync="TRUE">fem_20_24</attalias><attrtype Sync="TRUE">Double</attrtype><attwidth Sync="TRUE">19</attwidth><atprecis Sync="TRUE">18</atprecis><attscale Sync="TRUE">17</attscale></attr><attr><attrlabl Sync="TRUE">fem_25_34</attrlabl><attalias Sync="TRUE">fem_25_34</attalias><attrtype Sync="TRUE">Double</attrtype><attwidth Sync="TRUE">19</attwidth><atprecis Sync="TRUE">18</atprecis><attscale Sync="TRUE">17</attscale></attr><attr><attrlabl Sync="TRUE">fem_35_44</attrlabl><attalias Sync="TRUE">fem_35_44</attalias><attrtype Sync="TRUE">Double</attrtype><attwidth Sync="TRUE">19</attwidth><atprecis Sync="TRUE">18</atprecis><attscale Sync="TRUE">17</attscale></attr><attr><attrlabl Sync="TRUE">fem_45_54</attrlabl><attalias Sync="TRUE">fem_45_54</attalias><attrtype Sync="TRUE">Double</attrtype><attwidth Sync="TRUE">19</attwidth><atprecis Sync="TRUE">18</atprecis><attscale Sync="TRUE">17</attscale></attr><attr><attrlabl Sync="TRUE">fem_55_64</attrlabl><attalias Sync="TRUE">fem_55_64</attalias><attrtype Sync="TRUE">Double</attrtype><attwidth Sync="TRUE">19</attwidth><atprecis Sync="TRUE">18</atprecis><attscale Sync="TRUE">17</attscale></attr><attr><attrlabl Sync="TRUE">fem_5_14</attrlabl><attalias Sync="TRUE">fem_5_14</attalias><attrtype Sync="TRUE">Double</attrtype><attwidth Sync="TRUE">19</attwidth><atprecis Sync="TRUE">18</atprecis><attscale Sync="TRUE">17</attscale></attr><attr><attrlabl Sync="TRUE">fem_65_74</attrlabl><attalias Sync="TRUE">fem_65_74</attalias><attrtype Sync="TRUE">Double</attrtype><attwidth Sync="TRUE">19</attwidth><atprecis Sync="TRUE">18</atprecis><attscale Sync="TRUE">17</attscale></attr><attr><attrlabl Sync="TRUE">fem_75</attrlabl><attalias Sync="TRUE">fem_75</attalias><attrtype Sync="TRUE">Double</attrtype><attwidth Sync="TRUE">19</attwidth><atprecis Sync="TRUE">18</atprecis><attscale Sync="TRUE">17</attscale></attr><attr><attrlabl Sync="TRUE">female_cnt</attrlabl><attalias Sync="TRUE">female_cnt</attalias><attrtype Sync="TRUE">Double</attrtype><attwidth Sync="TRUE">19</attwidth><atprecis Sync="TRUE">18</atprecis><attscale Sync="TRUE">17</attscale></attr><attr><attrlabl Sync="TRUE">hotel_cnt</attrlabl><attalias Sync="TRUE">hotel_cnt</attalias><attrtype Sync="TRUE">Double</attrtype><attwidth Sync="TRUE">19</attwidth><atprecis Sync="TRUE">18</atprecis><attscale Sync="TRUE">17</attscale></attr><attr><attrlabl Sync="TRUE">label</attrlabl><attalias Sync="TRUE">label</attalias><attrtype Sync="TRUE">String</attrtype><attwidth Sync="TRUE">254</attwidth><atprecis Sync="TRUE">0</atprecis><attscale Sync="TRUE">0</attscale></attr><attr><attrlabl Sync="TRUE">male_0_4</attrlabl><attalias Sync="TRUE">male_0_4</attalias><attrtype Sync="TRUE">Double</attrtype><attwidth Sync="TRUE">19</attwidth><atprecis Sync="TRUE">18</atprecis><attscale Sync="TRUE">17</attscale></attr><attr><attrlabl Sync="TRUE">male_15_19</attrlabl><attalias Sync="TRUE">male_15_19</attalias><attrtype Sync="TRUE">Double</attrtype><attwidth Sync="TRUE">19</attwidth><atprecis Sync="TRUE">18</atprecis><attscale Sync="TRUE">17</attscale></attr><attr><attrlabl Sync="TRUE">male_20_24</attrlabl><attalias Sync="TRUE">male_20_24</attalias><attrtype Sync="TRUE">Double</attrtype><attwidth Sync="TRUE">19</attwidth><atprecis Sync="TRUE">18</atprecis><attscale Sync="TRUE">17</attscale></attr><attr><attrlabl Sync="TRUE">male_25_34</attrlabl><attalias Sync="TRUE">male_25_34</attalias><attrtype Sync="TRUE">Double</attrtype><attwidth Sync="TRUE">19</attwidth><atprecis Sync="TRUE">18</atprecis><attscale Sync="TRUE">17</attscale></attr><attr><attrlabl Sync="TRUE">male_35_44</attrlabl><attalias Sync="TRUE">male_35_44</attalias><attrtype Sync="TRUE">Double</attrtype><attwidth Sync="TRUE">19</attwidth><atprecis Sync="TRUE">18</atprecis><attscale Sync="TRUE">17</attscale></attr><attr><attrlabl Sync="TRUE">male_45_54</attrlabl><attalias Sync="TRUE">male_45_54</attalias><attrtype Sync="TRUE">Double</attrtype><attwidth Sync="TRUE">19</attwidth><atprecis Sync="TRUE">18</atprecis><attscale Sync="TRUE">17</attscale></attr><attr><attrlabl Sync="TRUE">male_55_64</attrlabl><attalias Sync="TRUE">male_55_64</attalias><attrtype Sync="TRUE">Double</attrtype><attwidth Sync="TRUE">19</attwidth><atprecis Sync="TRUE">18</atprecis><attscale Sync="TRUE">17</attscale></attr><attr><attrlabl Sync="TRUE">male_5_14</attrlabl><attalias Sync="TRUE">male_5_14</attalias><attrtype Sync="TRUE">Double</attrtype><attwidth Sync="TRUE">19</attwidth><atprecis Sync="TRUE">18</atprecis><attscale Sync="TRUE">17</attscale></attr><attr><attrlabl Sync="TRUE">male_65_74</attrlabl><attalias Sync="TRUE">male_65_74</attalias><attrtype Sync="TRUE">Double</attrtype><attwidth Sync="TRUE">19</attwidth><atprecis Sync="TRUE">18</atprecis><attscale Sync="TRUE">17</attscale></attr><attr><attrlabl Sync="TRUE">male_75</attrlabl><attalias Sync="TRUE">male_75</attalias><attrtype Sync="TRUE">Double</attrtype><attwidth Sync="TRUE">19</attwidth><atprecis Sync="TRUE">18</atprecis><attscale Sync="TRUE">17</attscale></attr><attr><attrlabl Sync="TRUE">male_cnt</attrlabl><attalias Sync="TRUE">male_cnt</attalias><attrtype Sync="TRUE">Double</attrtype><attwidth Sync="TRUE">19</attwidth><atprecis Sync="TRUE">18</atprecis><attscale Sync="TRUE">17</attscale></attr><attr><attrlabl Sync="TRUE">manuf_home</attrlabl><attalias Sync="TRUE">manuf_home</attalias><attrtype Sync="TRUE">Double</attrtype><attwidth Sync="TRUE">19</attwidth><atprecis Sync="TRUE">18</atprecis><attscale Sync="TRUE">17</attscale></attr><attr><attrlabl Sync="TRUE">mf_0_4</attrlabl><attalias Sync="TRUE">mf_0_4</attalias><attrtype Sync="TRUE">Double</attrtype><attwidth Sync="TRUE">19</attwidth><atprecis Sync="TRUE">18</atprecis><attscale Sync="TRUE">17</attscale></attr><attr><attrlabl Sync="TRUE">mf_15_19</attrlabl><attalias Sync="TRUE">mf_15_19</attalias><attrtype Sync="TRUE">Double</attrtype><attwidth Sync="TRUE">19</attwidth><atprecis Sync="TRUE">18</atprecis><attscale Sync="TRUE">17</attscale></attr><attr><attrlabl Sync="TRUE">mf_20_24</attrlabl><attalias Sync="TRUE">mf_20_24</attalias><attrtype Sync="TRUE">Double</attrtype><attwidth Sync="TRUE">19</attwidth><atprecis Sync="TRUE">18</atprecis><attscale Sync="TRUE">17</attscale></attr><attr><attrlabl Sync="TRUE">mf_25_34</attrlabl><attalias Sync="TRUE">mf_25_34</attalias><attrtype Sync="TRUE">Double</attrtype><attwidth Sync="TRUE">19</attwidth><atprecis Sync="TRUE">18</atprecis><attscale Sync="TRUE">17</attscale></attr><attr><attrlabl Sync="TRUE">mf_35_44</attrlabl><attalias Sync="TRUE">mf_35_44</attalias><attrtype Sync="TRUE">Double</attrtype><attwidth Sync="TRUE">19</attwidth><atprecis Sync="TRUE">18</atprecis><attscale Sync="TRUE">17</attscale></attr><attr><attrlabl Sync="TRUE">mf_45_54</attrlabl><attalias Sync="TRUE">mf_45_54</attalias><attrtype Sync="TRUE">Double</attrtype><attwidth Sync="TRUE">19</attwidth><atprecis Sync="TRUE">18</atprecis><attscale Sync="TRUE">17</attscale></attr><attr><attrlabl Sync="TRUE">mf_55_64</attrlabl><attalias Sync="TRUE">mf_55_64</attalias><attrtype Sync="TRUE">Double</attrtype><attwidth Sync="TRUE">19</attwidth><atprecis Sync="TRUE">18</atprecis><attscale Sync="TRUE">17</attscale></attr><attr><attrlabl Sync="TRUE">mf_5_14</attrlabl><attalias Sync="TRUE">mf_5_14</attalias><attrtype Sync="TRUE">Double</attrtype><attwidth Sync="TRUE">19</attwidth><atprecis Sync="TRUE">18</atprecis><attscale Sync="TRUE">17</attscale></attr><attr><attrlabl Sync="TRUE">mf_65_74</attrlabl><attalias Sync="TRUE">mf_65_74</attalias><attrtype Sync="TRUE">Double</attrtype><attwidth Sync="TRUE">19</attwidth><atprecis Sync="TRUE">18</atprecis><attscale Sync="TRUE">17</attscale></attr><attr><attrlabl Sync="TRUE">mf_75</attrlabl><attalias Sync="TRUE">mf_75</attalias><attrtype Sync="TRUE">Double</attrtype><attwidth Sync="TRUE">19</attwidth><atprecis Sync="TRUE">18</atprecis><attscale Sync="TRUE">17</attscale></attr><attr><attrlabl Sync="TRUE">mfh_no_res</attrlabl><attalias Sync="TRUE">mfh_no_res</attalias><attrtype Sync="TRUE">Double</attrtype><attwidth Sync="TRUE">19</attwidth><atprecis Sync="TRUE">18</atprecis><attscale Sync="TRUE">17</attscale></attr><attr><attrlabl Sync="TRUE">mfh_occpd</attrlabl><attalias Sync="TRUE">mfh_occpd</attalias><attrtype Sync="TRUE">Double</attrtype><attwidth Sync="TRUE">19</attwidth><atprecis Sync="TRUE">18</atprecis><attscale Sync="TRUE">17</attscale></attr><attr><attrlabl Sync="TRUE">mfh_owned</attrlabl><attalias Sync="TRUE">mfh_owned</attalias><attrtype Sync="TRUE">Double</attrtype><attwidth Sync="TRUE">19</attwidth><atprecis Sync="TRUE">18</atprecis><attscale Sync="TRUE">17</attscale></attr><attr><attrlabl Sync="TRUE">mfh_person</attrlabl><attalias Sync="TRUE">mfh_person</attalias><attrtype Sync="TRUE">Double</attrtype><attwidth Sync="TRUE">19</attwidth><atprecis Sync="TRUE">18</atprecis><attscale Sync="TRUE">17</attscale></attr><attr><attrlabl Sync="TRUE">mfh_vacant</attrlabl><attalias Sync="TRUE">mfh_vacant</attalias><attrtype Sync="TRUE">Double</attrtype><attwidth Sync="TRUE">19</attwidth><atprecis Sync="TRUE">18</atprecis><attscale Sync="TRUE">17</attscale></attr><attr><attrlabl Sync="TRUE">multi_plex</attrlabl><attalias Sync="TRUE">multi_plex</attalias><attrtype Sync="TRUE">Double</attrtype><attwidth Sync="TRUE">19</attwidth><atprecis Sync="TRUE">18</atprecis><attscale Sync="TRUE">17</attscale></attr><attr><attrlabl Sync="TRUE">nursing_hm</attrlabl><attalias Sync="TRUE">nursing_hm</attalias><attrtype Sync="TRUE">Double</attrtype><attwidth Sync="TRUE">19</attwidth><atprecis Sync="TRUE">18</atprecis><attscale Sync="TRUE">17</attscale></attr><attr><attrlabl Sync="TRUE">oth_no_res</attrlabl><attalias Sync="TRUE">oth_no_res</attalias><attrtype Sync="TRUE">Double</attrtype><attwidth Sync="TRUE">19</attwidth><atprecis Sync="TRUE">18</atprecis><attscale Sync="TRUE">17</attscale></attr><attr><attrlabl Sync="TRUE">oth_occpd</attrlabl><attalias Sync="TRUE">oth_occpd</attalias><attrtype Sync="TRUE">Double</attrtype><attwidth Sync="TRUE">19</attwidth><atprecis Sync="TRUE">18</atprecis><attscale Sync="TRUE">17</attscale></attr><attr><attrlabl Sync="TRUE">oth_owned</attrlabl><attalias Sync="TRUE">oth_owned</attalias><attrtype Sync="TRUE">Double</attrtype><attwidth Sync="TRUE">19</attwidth><atprecis Sync="TRUE">18</atprecis><attscale Sync="TRUE">17</attscale></attr><attr><attrlabl Sync="TRUE">oth_person</attrlabl><attalias Sync="TRUE">oth_person</attalias><attrtype Sync="TRUE">Double</attrtype><attwidth Sync="TRUE">19</attwidth><atprecis Sync="TRUE">18</atprecis><attscale Sync="TRUE">17</attscale></attr><attr><attrlabl Sync="TRUE">oth_vacant</attrlabl><attalias Sync="TRUE">oth_vacant</attalias><attrtype Sync="TRUE">Double</attrtype><attwidth Sync="TRUE">19</attwidth><atprecis Sync="TRUE">18</atprecis><attscale Sync="TRUE">17</attscale></attr><attr><attrlabl Sync="TRUE">other_inst</attrlabl><attalias Sync="TRUE">other_inst</attalias><attrtype Sync="TRUE">Double</attrtype><attwidth Sync="TRUE">19</attwidth><atprecis Sync="TRUE">18</atprecis><attscale Sync="TRUE">17</attscale></attr><attr><attrlabl Sync="TRUE">other_res</attrlabl><attalias Sync="TRUE">other_res</attalias><attrtype Sync="TRUE">Double</attrtype><attwidth Sync="TRUE">19</attwidth><atprecis Sync="TRUE">18</atprecis><attscale Sync="TRUE">17</attscale></attr><attr><attrlabl Sync="TRUE">ownshp_cnt</attrlabl><attalias Sync="TRUE">ownshp_cnt</attalias><attrtype Sync="TRUE">Double</attrtype><attwidth Sync="TRUE">19</attwidth><atprecis Sync="TRUE">18</atprecis><attscale Sync="TRUE">17</attscale></attr><attr><attrlabl Sync="TRUE">prsch_chld</attrlabl><attalias Sync="TRUE">prsch_chld</attalias><attrtype Sync="TRUE">Double</attrtype><attwidth Sync="TRUE">19</attwidth><atprecis Sync="TRUE">18</atprecis><attscale Sync="TRUE">17</attscale></attr><attr><attrlabl Sync="TRUE">pub_sch</attrlabl><attalias Sync="TRUE">pub_sch</attalias><attrtype Sync="TRUE">Double</attrtype><attwidth Sync="TRUE">19</attwidth><atprecis Sync="TRUE">18</atprecis><attscale Sync="TRUE">17</attscale></attr><attr><attrlabl Sync="TRUE">res_cnt</attrlabl><attalias Sync="TRUE">res_cnt</attalias><attrtype Sync="TRUE">Double</attrtype><attwidth Sync="TRUE">19</attwidth><atprecis Sync="TRUE">18</atprecis><attscale Sync="TRUE">17</attscale></attr><attr><attrlabl Sync="TRUE">res_comm</attrlabl><attalias Sync="TRUE">res_comm</attalias><attrtype Sync="TRUE">Double</attrtype><attwidth Sync="TRUE">19</attwidth><atprecis Sync="TRUE">18</atprecis><attscale Sync="TRUE">17</attscale></attr><attr><attrlabl Sync="TRUE">sep_sch</attrlabl><attalias Sync="TRUE">sep_sch</attalias><attrtype Sync="TRUE">Double</attrtype><attwidth Sync="TRUE">19</attwidth><atprecis Sync="TRUE">18</atprecis><attscale Sync="TRUE">17</attscale></attr><attr><attrlabl Sync="TRUE">sf_no_res</attrlabl><attalias Sync="TRUE">sf_no_res</attalias><attrtype Sync="TRUE">Double</attrtype><attwidth Sync="TRUE">19</attwidth><atprecis Sync="TRUE">18</atprecis><attscale Sync="TRUE">17</attscale></attr><attr><attrlabl Sync="TRUE">sf_occpd</attrlabl><attalias Sync="TRUE">sf_occpd</attalias><attrtype Sync="TRUE">Double</attrtype><attwidth Sync="TRUE">19</attwidth><atprecis Sync="TRUE">18</atprecis><attscale Sync="TRUE">17</attscale></attr><attr><attrlabl Sync="TRUE">sf_owned</attrlabl><attalias Sync="TRUE">sf_owned</attalias><attrtype Sync="TRUE">Double</attrtype><attwidth Sync="TRUE">19</attwidth><atprecis Sync="TRUE">18</atprecis><attscale Sync="TRUE">17</attscale></attr><attr><attrlabl Sync="TRUE">sf_person</attrlabl><attalias Sync="TRUE">sf_person</attalias><attrtype Sync="TRUE">Double</attrtype><attwidth Sync="TRUE">19</attwidth><atprecis Sync="TRUE">18</atprecis><attscale Sync="TRUE">17</attscale></attr><attr><attrlabl Sync="TRUE">sf_vacant</attrlabl><attalias Sync="TRUE">sf_vacant</attalias><attrtype Sync="TRUE">Double</attrtype><attwidth Sync="TRUE">19</attwidth><atprecis Sync="TRUE">18</atprecis><attscale Sync="TRUE">17</attscale></attr><attr><attrlabl Sync="TRUE">sing_famly</attrlabl><attalias Sync="TRUE">sing_famly</attalias><attrtype Sync="TRUE">Double</attrtype><attwidth Sync="TRUE">19</attwidth><atprecis Sync="TRUE">18</atprecis><attscale Sync="TRUE">17</attscale></attr><attr><attrlabl Sync="TRUE">town_house</attrlabl><attalias Sync="TRUE">town_house</attalias><attrtype Sync="TRUE">Double</attrtype><attwidth Sync="TRUE">19</attwidth><atprecis Sync="TRUE">18</atprecis><attscale Sync="TRUE">17</attscale></attr><attr><attrlabl Sync="TRUE">twn_no_res</attrlabl><attalias Sync="TRUE">twn_no_res</attalias><attrtype Sync="TRUE">Double</attrtype><attwidth Sync="TRUE">19</attwidth><atprecis Sync="TRUE">18</atprecis><attscale Sync="TRUE">17</attscale></attr><attr><attrlabl Sync="TRUE">twn_occpd</attrlabl><attalias Sync="TRUE">twn_occpd</attalias><attrtype Sync="TRUE">Double</attrtype><attwidth Sync="TRUE">19</attwidth><atprecis Sync="TRUE">18</atprecis><attscale Sync="TRUE">17</attscale></attr><attr><attrlabl Sync="TRUE">twn_owned</attrlabl><attalias Sync="TRUE">twn_owned</attalias><attrtype Sync="TRUE">Double</attrtype><attwidth Sync="TRUE">19</attwidth><atprecis Sync="TRUE">18</atprecis><attscale Sync="TRUE">17</attscale></attr><attr><attrlabl Sync="TRUE">twn_person</attrlabl><attalias Sync="TRUE">twn_person</attalias><attrtype Sync="TRUE">Double</attrtype><attwidth Sync="TRUE">19</attwidth><atprecis Sync="TRUE">18</atprecis><attscale Sync="TRUE">17</attscale></attr><attr><attrlabl Sync="TRUE">twn_vacant</attrlabl><attalias Sync="TRUE">twn_vacant</attalias><attrtype Sync="TRUE">Double</attrtype><attwidth Sync="TRUE">19</attwidth><atprecis Sync="TRUE">18</atprecis><attscale Sync="TRUE">17</attscale></attr><attr><attrlabl Sync="TRUE">ward_num</attrlabl><attalias Sync="TRUE">ward_num</attalias><attrtype Sync="TRUE">Double</attrtype><attwidth Sync="TRUE">19</attwidth><atprecis Sync="TRUE">18</atprecis><attscale Sync="TRUE">17</attscale></attr></detailed></eainfo><mdDateSt Sync="TRUE">20210103</mdDateSt></metadata>
