<metadata xml:lang="en"><Esri><CreaDate>20201226</CreaDate><CreaTime>18595100</CreaTime><ArcGISFormat>1.0</ArcGISFormat><SyncOnce>FALSE</SyncOnce><DataProperties><lineage><Process ToolSource="c:\program files\arcgis\pro\Resources\ArcToolbox\toolboxes\Data Management Tools.tbx\CreateFeatureclass" Date="20201226" Time="112914">CreateFeatureclass C:\OpenCalgary_project\Open_Calgary.gdb GenerateTessellation Polygon # No No "PROJCS['Calgary_3TM_WGS_1984_W114',GEOGCS['GCS_WGS_1984',DATUM['D_WGS_1984',SPHEROID['World_Geodetic_System_of_1984_GEM_10C',6378137.0,298.257223563]],PRIMEM['Greenwich',0.0],UNIT['Degree',0.0174532925199433]],PROJECTION['Transverse_Mercator'],PARAMETER['false_easting',0.0],PARAMETER['false_northing',0.0],PARAMETER['central_meridian',-114.0],PARAMETER['scale_factor',0.9999],PARAMETER['latitude_of_origin',0.0],UNIT['Meter',1.0]];-5622600 -10001100 10000;-100000 10000;-100000 10000;0.001;0.001;0.001;IsHighPrecision" # 0 0 0 #</Process><Process ToolSource="c:\program files\arcgis\pro\Resources\ArcToolbox\toolboxes\Data Management Tools.tbx\AddField" Date="20201226" Time="112914">AddField C:\OpenCalgary_project\Open_Calgary.gdb\GenerateTessellation GRID_ID Text # # 12 # NULLABLE NON_REQUIRED #</Process><Process ToolSource="c:\program files\arcgis\pro\Resources\ArcToolbox\toolboxes\Data Management Tools.tbx\GenerateTessellation" Date="20201226" Time="112915">GenerateTessellation C:\OpenCalgary_project\Open_Calgary.gdb\GenerateTessellation "-22099.2863999996 5634037.7804 9863.39690000005 5675150.5817" Hexagon "1 SquareKilometers" "PROJCS['Calgary_3TM_WGS_1984_W114',GEOGCS['GCS_WGS_1984',DATUM['D_WGS_1984',SPHEROID['World_Geodetic_System_of_1984_GEM_10C',6378137.0,298.257223563]],PRIMEM['Greenwich',0.0],UNIT['Degree',0.0174532925199433]],PROJECTION['Transverse_Mercator'],PARAMETER['false_easting',0.0],PARAMETER['false_northing',0.0],PARAMETER['central_meridian',-114.0],PARAMETER['scale_factor',0.9999],PARAMETER['latitude_of_origin',0.0],UNIT['Meter',1.0]];-5622600 -10001100 10000;-100000 10000;-100000 10000;0.001;0.001;0.001;IsHighPrecision"</Process><Process ToolSource="c:\program files\arcgis\pro\Resources\ArcToolbox\toolboxes\Data Management Tools.tbx\Project" Date="20201226" Time="185951">Project GenerateTessellation C:\OpenCalgary_project\Open_Calgary.gdb\GenerateTessellation_Project PROJCS['NAD_1983_3TM_114',GEOGCS['GCS_North_American_1983',DATUM['D_North_American_1983',SPHEROID['GRS_1980',6378137.0,298.257222101]],PRIMEM['Greenwich',0.0],UNIT['Degree',0.0174532925199433]],PROJECTION['Transverse_Mercator'],PARAMETER['False_Easting',0.0],PARAMETER['False_Northing',0.0],PARAMETER['Central_Meridian',-114.0],PARAMETER['Scale_Factor',0.9999],PARAMETER['Latitude_Of_Origin',0.0],UNIT['Meter',1.0]] # PROJCS['Calgary_3TM_WGS_1984_W114',GEOGCS['GCS_WGS_1984',DATUM['D_WGS_1984',SPHEROID['World_Geodetic_System_of_1984_GEM_10C',6378137.0,298.257223563]],PRIMEM['Greenwich',0.0],UNIT['Degree',0.0174532925199433]],PROJECTION['Transverse_Mercator'],PARAMETER['false_easting',0.0],PARAMETER['false_northing',0.0],PARAMETER['central_meridian',-114.0],PARAMETER['scale_factor',0.9999],PARAMETER['latitude_of_origin',0.0],UNIT['Meter',1.0]] NO_PRESERVE_SHAPE # NO_VERTICAL</Process><Process ToolSource="c:\program files\arcgis\pro\Resources\ArcToolbox\toolboxes\Conversion Tools.tbx\FeatureClassToFeatureClass" Date="20210102" Time="074751">FeatureClassToFeatureClass GenerateTessellation_Project C:\OpenCalgary_project\Pilot\Pilot_test.gdb Tessellation # "GRID_ID "GRID_ID" true true false 12 Text 0 0,First,#,GenerateTessellation_Project,GRID_ID,0,12;Shape_Length "Shape_Length" false true true 8 Double 0 0,First,#,GenerateTessellation_Project,Shape_Length,-1,-1;Shape_Area "Shape_Area" false true true 8 Double 0 0,First,#,GenerateTessellation_Project,Shape_Area,-1,-1" #</Process><Process ToolSource="c:\program files\arcgis\pro\Resources\ArcToolbox\toolboxes\Conversion Tools.tbx\FeatureClassToFeatureClass" Date="20210102" Time="075301">FeatureClassToFeatureClass Tessellation C:\OpenCalgary_project\Base_files Tessellation_1km.shp # "GRID_ID "GRID_ID" true true false 12 Text 0 0,First,#,Tessellation,GRID_ID,0,12;Shape_Length "Shape_Length" false true true 8 Double 0 0,First,#,Tessellation,Shape_Length,-1,-1;Shape_Area "Shape_Area" false true true 8 Double 0 0,First,#,Tessellation,Shape_Area,-1,-1" #</Process><Process ToolSource="c:\program files\arcgis\pro\Resources\ArcToolbox\toolboxes\Analysis Tools.tbx\SpatialJoin" Date="20210103" Time="204225">SpatialJoin C:\OpenCalgary_project\Base_files\Tessellation_1km.shp C:\OpenCalgary_project\OpenCalgary_polylines\Pathways_Connector_Data_shapefiles.shp C:\OpenCalgary_project\Tessellation_polylines\TS_Pathways_Connector_Data_shapefiles.shp "Join one to one" KEEP_ALL "GRID_ID "GRID_ID" true true false 12 Text 0 0,First,#,C:\OpenCalgary_project\Base_files\Tessellation_1km.shp,GRID_ID,0,12;Shape_Leng "Shape_Leng" true true false 19 Double 0 0,First,#,C:\OpenCalgary_project\Base_files\Tessellation_1km.shp,Shape_Leng,-1,-1;Shape_Area "Shape_Area" true true false 19 Double 0 0,First,#,C:\OpenCalgary_project\Base_files\Tessellation_1km.shp,Shape_Area,-1,-1;asset_cd "asset_cd" true true false 254 Text 0 0,First,#,C:\OpenCalgary_project\OpenCalgary_polylines\Pathways_Connector_Data_shapefiles.shp,asset_cd,0,254;asset_clas "asset_clas" true true false 254 Text 0 0,First,#,C:\OpenCalgary_project\OpenCalgary_polylines\Pathways_Connector_Data_shapefiles.shp,asset_clas,0,254;asset_type "asset_type" true true false 254 Text 0 0,First,#,C:\OpenCalgary_project\OpenCalgary_polylines\Pathways_Connector_Data_shapefiles.shp,asset_type,0,254;greenway "greenway" true true false 254 Text 0 0,First,#,C:\OpenCalgary_project\OpenCalgary_polylines\Pathways_Connector_Data_shapefiles.shp,greenway,0,254;life_cycle "life_cycle" true true false 254 Text 0 0,First,#,C:\OpenCalgary_project\OpenCalgary_polylines\Pathways_Connector_Data_shapefiles.shp,life_cycle,0,254;location_d "location_d" true true false 254 Text 0 0,First,#,C:\OpenCalgary_project\OpenCalgary_polylines\Pathways_Connector_Data_shapefiles.shp,location_d,0,254;maint_info "maint_info" true true false 254 Text 0 0,First,#,C:\OpenCalgary_project\OpenCalgary_polylines\Pathways_Connector_Data_shapefiles.shp,maint_info,0,254;maintained "maintained" true true false 254 Text 0 0,First,#,C:\OpenCalgary_project\OpenCalgary_polylines\Pathways_Connector_Data_shapefiles.shp,maintained,0,254;mgmt_num "mgmt_num" true true false 254 Text 0 0,First,#,C:\OpenCalgary_project\OpenCalgary_polylines\Pathways_Connector_Data_shapefiles.shp,mgmt_num,0,254;old_seg_id "old_seg_id" true true false 254 Text 0 0,First,#,C:\OpenCalgary_project\OpenCalgary_polylines\Pathways_Connector_Data_shapefiles.shp,old_seg_id,0,254;operationa "operationa" true true false 254 Text 0 0,First,#,C:\OpenCalgary_project\OpenCalgary_polylines\Pathways_Connector_Data_shapefiles.shp,operationa,0,254;priority "priority" true true false 254 Text 0 0,First,#,C:\OpenCalgary_project\OpenCalgary_polylines\Pathways_Connector_Data_shapefiles.shp,priority,0,254;route_type "route_type" true true false 254 Text 0 0,First,#,C:\OpenCalgary_project\OpenCalgary_polylines\Pathways_Connector_Data_shapefiles.shp,route_type,0,254;seg_label "seg_label" true true false 254 Text 0 0,First,#,C:\OpenCalgary_project\OpenCalgary_polylines\Pathways_Connector_Data_shapefiles.shp,seg_label,0,254;steward "steward" true true false 254 Text 0 0,First,#,C:\OpenCalgary_project\OpenCalgary_polylines\Pathways_Connector_Data_shapefiles.shp,steward,0,254;trans_cana "trans_cana" true true false 254 Text 0 0,First,#,C:\OpenCalgary_project\OpenCalgary_polylines\Pathways_Connector_Data_shapefiles.shp,trans_cana,0,254;who_remove "who_remove" true true false 254 Text 0 0,First,#,C:\OpenCalgary_project\OpenCalgary_polylines\Pathways_Connector_Data_shapefiles.shp,who_remove,0,254;width "width" true true false 254 Text 0 0,First,#,C:\OpenCalgary_project\OpenCalgary_polylines\Pathways_Connector_Data_shapefiles.shp,width,0,254" Intersect # #</Process></lineage><itemProps><itemLocation><linkage Sync="TRUE">file://\\AGAR\C$\OpenCalgary_project\Tessellation_polylines\TS_Pathways_Connector_Data_shapefiles.shp</linkage><protocol Sync="TRUE">Local Area Network</protocol></itemLocation><itemName Sync="TRUE">TS_Pathways_Connector_Data_shapefiles</itemName><imsContentType Sync="TRUE">002</imsContentType><itemSize Sync="TRUE">0.000</itemSize></itemProps><coordRef><type Sync="TRUE">Projected</type><geogcsn Sync="TRUE">GCS_North_American_1983</geogcsn><csUnits Sync="TRUE">Linear Unit: Meter (1.000000)</csUnits><projcsn Sync="TRUE">NAD_1983_3TM_114</projcsn><peXml Sync="TRUE">&lt;ProjectedCoordinateSystem xsi:type='typens:ProjectedCoordinateSystem' xmlns:xsi='http://www.w3.org/2001/XMLSchema-instance' xmlns:xs='http://www.w3.org/2001/XMLSchema' xmlns:typens='http://www.esri.com/schemas/ArcGIS/2.7.0'&gt;&lt;WKT&gt;PROJCS[&amp;quot;NAD_1983_3TM_114&amp;quot;,GEOGCS[&amp;quot;GCS_North_American_1983&amp;quot;,DATUM[&amp;quot;D_North_American_1983&amp;quot;,SPHEROID[&amp;quot;GRS_1980&amp;quot;,6378137.0,298.257222101]],PRIMEM[&amp;quot;Greenwich&amp;quot;,0.0],UNIT[&amp;quot;Degree&amp;quot;,0.0174532925199433]],PROJECTION[&amp;quot;Transverse_Mercator&amp;quot;],PARAMETER[&amp;quot;False_Easting&amp;quot;,0.0],PARAMETER[&amp;quot;False_Northing&amp;quot;,0.0],PARAMETER[&amp;quot;Central_Meridian&amp;quot;,-114.0],PARAMETER[&amp;quot;Scale_Factor&amp;quot;,0.9999],PARAMETER[&amp;quot;Latitude_Of_Origin&amp;quot;,0.0],UNIT[&amp;quot;Meter&amp;quot;,1.0],AUTHORITY[&amp;quot;EPSG&amp;quot;,3776]]&lt;/WKT&gt;&lt;XOrigin&gt;-5622600&lt;/XOrigin&gt;&lt;YOrigin&gt;-10001100&lt;/YOrigin&gt;&lt;XYScale&gt;450310428.58990461&lt;/XYScale&gt;&lt;ZOrigin&gt;-100000&lt;/ZOrigin&gt;&lt;ZScale&gt;10000&lt;/ZScale&gt;&lt;MOrigin&gt;-100000&lt;/MOrigin&gt;&lt;MScale&gt;10000&lt;/MScale&gt;&lt;XYTolerance&gt;0.001&lt;/XYTolerance&gt;&lt;ZTolerance&gt;0.001&lt;/ZTolerance&gt;&lt;MTolerance&gt;0.001&lt;/MTolerance&gt;&lt;HighPrecision&gt;true&lt;/HighPrecision&gt;&lt;WKID&gt;102187&lt;/WKID&gt;&lt;LatestWKID&gt;3776&lt;/LatestWKID&gt;&lt;/ProjectedCoordinateSystem&gt;</peXml></coordRef></DataProperties><SyncDate>20210103</SyncDate><SyncTime>20422500</SyncTime><ModDate>20210103</ModDate><ModTime>20422500</ModTime></Esri><dataIdInfo><envirDesc Sync="TRUE">Microsoft Windows 10 Version 10.0 (Build 18363) ; Esri ArcGIS 12.7.0.26828</envirDesc><dataLang><languageCode value="eng" Sync="TRUE"></languageCode><countryCode value="CAN" Sync="TRUE"></countryCode></dataLang><idCitation><resTitle Sync="TRUE">TS_Pathways_Connector_Data_shapefiles</resTitle><presForm><PresFormCd value="005" Sync="TRUE"></PresFormCd></presForm></idCitation><spatRpType><SpatRepTypCd value="001" Sync="TRUE"></SpatRepTypCd></spatRpType></dataIdInfo><mdLang><languageCode value="eng" Sync="TRUE"></languageCode><countryCode value="CAN" Sync="TRUE"></countryCode></mdLang><distInfo><distFormat><formatName Sync="TRUE">Shapefile</formatName></distFormat><distTranOps><transSize Sync="TRUE">0.000</transSize></distTranOps></distInfo><mdHrLv><ScopeCd value="005" Sync="TRUE"></ScopeCd></mdHrLv><mdHrLvName Sync="TRUE">dataset</mdHrLvName><refSysInfo><RefSystem><refSysID><identCode code="3776" Sync="TRUE"></identCode><idCodeSpace Sync="TRUE">EPSG</idCodeSpace><idVersion Sync="TRUE">6.16(10.0.0)</idVersion></refSysID></RefSystem></refSysInfo><spatRepInfo><VectSpatRep><geometObjs Name="TS_Pathways_Connector_Data_shapefiles"><geoObjTyp><GeoObjTypCd value="002" Sync="TRUE"></GeoObjTypCd></geoObjTyp><geoObjCnt Sync="TRUE">0</geoObjCnt></geometObjs><topLvl><TopoLevCd value="001" Sync="TRUE"></TopoLevCd></topLvl></VectSpatRep></spatRepInfo><spdoinfo><ptvctinf><esriterm Name="TS_Pathways_Connector_Data_shapefiles"><efeatyp Sync="TRUE">Simple</efeatyp><efeageom code="4" Sync="TRUE"></efeageom><esritopo Sync="TRUE">FALSE</esritopo><efeacnt Sync="TRUE">0</efeacnt><spindex Sync="TRUE">FALSE</spindex><linrefer Sync="TRUE">FALSE</linrefer></esriterm></ptvctinf></spdoinfo><eainfo><detailed Name="TS_Pathways_Connector_Data_shapefiles"><enttyp><enttypl Sync="TRUE">TS_Pathways_Connector_Data_shapefiles</enttypl><enttypt Sync="TRUE">Feature Class</enttypt><enttypc Sync="TRUE">0</enttypc></enttyp><attr><attrlabl Sync="TRUE">FID</attrlabl><attalias Sync="TRUE">FID</attalias><attrtype Sync="TRUE">OID</attrtype><attwidth Sync="TRUE">4</attwidth><atprecis Sync="TRUE">0</atprecis><attscale Sync="TRUE">0</attscale><attrdef Sync="TRUE">Internal feature number.</attrdef><attrdefs Sync="TRUE">Esri</attrdefs><attrdomv><udom Sync="TRUE">Sequential unique whole numbers that are automatically generated.</udom></attrdomv></attr><attr><attrlabl Sync="TRUE">Shape</attrlabl><attalias Sync="TRUE">Shape</attalias><attrtype Sync="TRUE">Geometry</attrtype><attwidth Sync="TRUE">0</attwidth><atprecis Sync="TRUE">0</atprecis><attscale Sync="TRUE">0</attscale><attrdef Sync="TRUE">Feature geometry.</attrdef><attrdefs Sync="TRUE">Esri</attrdefs><attrdomv><udom Sync="TRUE">Coordinates defining the features.</udom></attrdomv></attr><attr><attrlabl Sync="TRUE">Join_Count</attrlabl><attalias Sync="TRUE">Join_Count</attalias><attrtype Sync="TRUE">Integer</attrtype><attwidth Sync="TRUE">10</attwidth><atprecis Sync="TRUE">10</atprecis><attscale Sync="TRUE">0</attscale></attr><attr><attrlabl Sync="TRUE">TARGET_FID</attrlabl><attalias Sync="TRUE">TARGET_FID</attalias><attrtype Sync="TRUE">Integer</attrtype><attwidth Sync="TRUE">10</attwidth><atprecis Sync="TRUE">10</atprecis><attscale Sync="TRUE">0</attscale></attr><attr><attrlabl Sync="TRUE">GRID_ID</attrlabl><attalias Sync="TRUE">GRID_ID</attalias><attrtype Sync="TRUE">String</attrtype><attwidth Sync="TRUE">12</attwidth><atprecis Sync="TRUE">0</atprecis><attscale Sync="TRUE">0</attscale></attr><attr><attrlabl Sync="TRUE">Shape_Leng</attrlabl><attalias Sync="TRUE">Shape_Leng</attalias><attrtype Sync="TRUE">Double</attrtype><attwidth Sync="TRUE">19</attwidth><atprecis Sync="TRUE">0</atprecis><attscale Sync="TRUE">0</attscale></attr><attr><attrlabl Sync="TRUE">Shape_Area</attrlabl><attalias Sync="TRUE">Shape_Area</attalias><attrtype Sync="TRUE">Double</attrtype><attwidth Sync="TRUE">19</attwidth><atprecis Sync="TRUE">0</atprecis><attscale Sync="TRUE">0</attscale><attrdef Sync="TRUE">Area of feature in internal units squared.</attrdef><attrdefs Sync="TRUE">Esri</attrdefs><attrdomv><udom Sync="TRUE">Positive real numbers that are automatically generated.</udom></attrdomv></attr><attr><attrlabl Sync="TRUE">asset_cd</attrlabl><attalias Sync="TRUE">asset_cd</attalias><attrtype Sync="TRUE">String</attrtype><attwidth Sync="TRUE">254</attwidth><atprecis Sync="TRUE">0</atprecis><attscale Sync="TRUE">0</attscale></attr><attr><attrlabl Sync="TRUE">asset_clas</attrlabl><attalias Sync="TRUE">asset_clas</attalias><attrtype Sync="TRUE">String</attrtype><attwidth Sync="TRUE">254</attwidth><atprecis Sync="TRUE">0</atprecis><attscale Sync="TRUE">0</attscale></attr><attr><attrlabl Sync="TRUE">asset_type</attrlabl><attalias Sync="TRUE">asset_type</attalias><attrtype Sync="TRUE">String</attrtype><attwidth Sync="TRUE">254</attwidth><atprecis Sync="TRUE">0</atprecis><attscale Sync="TRUE">0</attscale></attr><attr><attrlabl Sync="TRUE">greenway</attrlabl><attalias Sync="TRUE">greenway</attalias><attrtype Sync="TRUE">String</attrtype><attwidth Sync="TRUE">254</attwidth><atprecis Sync="TRUE">0</atprecis><attscale Sync="TRUE">0</attscale></attr><attr><attrlabl Sync="TRUE">life_cycle</attrlabl><attalias Sync="TRUE">life_cycle</attalias><attrtype Sync="TRUE">String</attrtype><attwidth Sync="TRUE">254</attwidth><atprecis Sync="TRUE">0</atprecis><attscale Sync="TRUE">0</attscale></attr><attr><attrlabl Sync="TRUE">location_d</attrlabl><attalias Sync="TRUE">location_d</attalias><attrtype Sync="TRUE">String</attrtype><attwidth Sync="TRUE">254</attwidth><atprecis Sync="TRUE">0</atprecis><attscale Sync="TRUE">0</attscale></attr><attr><attrlabl Sync="TRUE">maint_info</attrlabl><attalias Sync="TRUE">maint_info</attalias><attrtype Sync="TRUE">String</attrtype><attwidth Sync="TRUE">254</attwidth><atprecis Sync="TRUE">0</atprecis><attscale Sync="TRUE">0</attscale></attr><attr><attrlabl Sync="TRUE">maintained</attrlabl><attalias Sync="TRUE">maintained</attalias><attrtype Sync="TRUE">String</attrtype><attwidth Sync="TRUE">254</attwidth><atprecis Sync="TRUE">0</atprecis><attscale Sync="TRUE">0</attscale></attr><attr><attrlabl Sync="TRUE">mgmt_num</attrlabl><attalias Sync="TRUE">mgmt_num</attalias><attrtype Sync="TRUE">String</attrtype><attwidth Sync="TRUE">254</attwidth><atprecis Sync="TRUE">0</atprecis><attscale Sync="TRUE">0</attscale></attr><attr><attrlabl Sync="TRUE">old_seg_id</attrlabl><attalias Sync="TRUE">old_seg_id</attalias><attrtype Sync="TRUE">String</attrtype><attwidth Sync="TRUE">254</attwidth><atprecis Sync="TRUE">0</atprecis><attscale Sync="TRUE">0</attscale></attr><attr><attrlabl Sync="TRUE">operationa</attrlabl><attalias Sync="TRUE">operationa</attalias><attrtype Sync="TRUE">String</attrtype><attwidth Sync="TRUE">254</attwidth><atprecis Sync="TRUE">0</atprecis><attscale Sync="TRUE">0</attscale></attr><attr><attrlabl Sync="TRUE">priority</attrlabl><attalias Sync="TRUE">priority</attalias><attrtype Sync="TRUE">String</attrtype><attwidth Sync="TRUE">254</attwidth><atprecis Sync="TRUE">0</atprecis><attscale Sync="TRUE">0</attscale></attr><attr><attrlabl Sync="TRUE">route_type</attrlabl><attalias Sync="TRUE">route_type</attalias><attrtype Sync="TRUE">String</attrtype><attwidth Sync="TRUE">254</attwidth><atprecis Sync="TRUE">0</atprecis><attscale Sync="TRUE">0</attscale></attr><attr><attrlabl Sync="TRUE">seg_label</attrlabl><attalias Sync="TRUE">seg_label</attalias><attrtype Sync="TRUE">String</attrtype><attwidth Sync="TRUE">254</attwidth><atprecis Sync="TRUE">0</atprecis><attscale Sync="TRUE">0</attscale></attr><attr><attrlabl Sync="TRUE">steward</attrlabl><attalias Sync="TRUE">steward</attalias><attrtype Sync="TRUE">String</attrtype><attwidth Sync="TRUE">254</attwidth><atprecis Sync="TRUE">0</atprecis><attscale Sync="TRUE">0</attscale></attr><attr><attrlabl Sync="TRUE">trans_cana</attrlabl><attalias Sync="TRUE">trans_cana</attalias><attrtype Sync="TRUE">String</attrtype><attwidth Sync="TRUE">254</attwidth><atprecis Sync="TRUE">0</atprecis><attscale Sync="TRUE">0</attscale></attr><attr><attrlabl Sync="TRUE">who_remove</attrlabl><attalias Sync="TRUE">who_remove</attalias><attrtype Sync="TRUE">String</attrtype><attwidth Sync="TRUE">254</attwidth><atprecis Sync="TRUE">0</atprecis><attscale Sync="TRUE">0</attscale></attr><attr><attrlabl Sync="TRUE">width</attrlabl><attalias Sync="TRUE">width</attalias><attrtype Sync="TRUE">String</attrtype><attwidth Sync="TRUE">254</attwidth><atprecis Sync="TRUE">0</atprecis><attscale Sync="TRUE">0</attscale></attr></detailed></eainfo><mdDateSt Sync="TRUE">20210103</mdDateSt></metadata>
